metadata: music UID,metadata: file URL,metadata: collection,metadata: ms ID,metadata: shelfmark,metadata: part,metadata: part ID,metadata: part type,overview: music,locus: locus,locus: from,locus: to,dimensions: type,dimensions: height,dimensions: max height,dimensions: min height,dimensions: width,dimensions: max width,dimensions: min width,dimensions: unit,people: name(s),people: ID(s),bibliography: title(s),bibliography: ref(s),bibliography: ref URI(s)
MS_Add_A_109_music_1,manuscript_8,Add A,MS_Add_A_109,MS. Add. A. 109,,MS_Add_A_109,,Neums (see van Dijk 1957).,,,,,,,,,,,,,,,,
MS_Add_A_188_music_1,manuscript_34,Add A,MS_Add_A_188,MS. Add. A. 188,,MS_Add_A_188,,Adiastematic German neums.,,,,,,,,,,,,,,,,
MS_Add_A_286_music_1,manuscript_54,Add A,MS_Add_A_286,MS. Add. A. 286,,MS_Add_A_286,,"Hufnagel notation on two five-line staves, added on fol. 86v.",,,,,,,,,,,,,,,,
MS_Add_A_373_music_1,manuscript_63,Add A,MS_Add_A_373,MS. Add. A. 373,"MS. Add. A. 373, endleaf (fol. 100)",MS_Add_A_373-endleaf,fragment,Half-diastematic (Aquitanian?) point neums in one place only.,,,,,,,,,,,,,,,,
MS_Add_B_1_music_1,manuscript_77,Add B,MS_Add_B_1,MS. Add. B. 1,,MS_Add_B_1,,Music (see van Dijk 1957).,,,,,,,,,,,,,,,,
MS_Add_C_152_music_1,manuscript_117,Add C,MS_Add_C_152,MS. Add. C. 152,,MS_Add_C_152,,Neums (see van Dijk 1957).,,,,,,,,,,,,,,,,
MS_Add_D_47_music_1,manuscript_175,Add D,MS_Add_D_47,MS. Add. D. 47,,MS_Add_D_47,,Notation on staves (see van Dijk 1957).,,,,,,,,,,,,,,,,
MS_Add_D_48_music_1,manuscript_176,Add D,MS_Add_D_48,MS. Add. D. 48,,MS_Add_D_48,,Square notation on 6 staves of 4 red lines.,,,,,,,,,,,,,,,,
MS_Ashmole_1146_music_1,manuscript_216,Ashmole,MS_Ashmole_1146,MS. Ashmole 1146,,MS_Ashmole_1146,,Notation on staves (see van Dijk 1957).,,,,,,,,,,,,,,,,
MS_Ashmole_1282_music_1,manuscript_224,Ashmole,MS_Ashmole_1282,MS. Ashmole 1282,,MS_Ashmole_1282,,Draft musical notation on fol. 193v.,,,,,,,,,,,,,,,,
MS_Ashmole_1481_music_1,manuscript_279,Ashmole,MS_Ashmole_1481,MS. Ashmole 1481,,MS_Ashmole_1481,,Notation on staves (see van Dijk 1957).,,,,,,,,,,,,,,,,
MS_Ashmole_1523_music_1,manuscript_298,Ashmole,MS_Ashmole_1523,MS. Ashmole 1523,,MS_Ashmole_1523,,Square notation on staves of four red lines in the office of the Dead and the hymnal.,,,,,,,,,,,,,,,,
MS_Auct_D_1_20_music_1,manuscript_413,Auct D,MS_Auct_D_1_20,MS. Auct. D. 1. 20,,MS_Auct_D_1_20,,"Rhythmical notation of St Gall, added to the preface (fols. 36v, 37)",,,,,,,,,,,,,,,,
MS_Auct_D_2_14_music_1,manuscript_426,Auct D,MS_Auct_D_2_14,MS. Auct. D. 2. 14,,MS_Auct_D_2_14,,Neums (11th cent.) added to the Genealogy of Christ by St. Luke (fol. 79),,,,,,,,,,,,,,,,
MS_Auct_D_2_16_music_1,manuscript_428,Auct D,MS_Auct_D_2_16,MS. Auct. D. 2. 16,,MS_Auct_D_2_16,,Late (?) 11th cent. neumatic notation of the Exeter (?) type with some Notker letters.,,,,,,,,,,,,,,,,
MS_Auct_D_2_6_music_1,manuscript_438,Auct D,MS_Auct_D_2_6,MS. Auct. D. 2. 6,MS. Auct. D. 2. 6 – Part 1,MS_Auct_D_2_6-part1,,‘O Sapientia’ (16 December) with neums.,,,,,,,,,,,,,,,,
MS_Auct_D_2_7_music_1,manuscript_439,Auct D,MS_Auct_D_2_7,MS. Auct. D. 2. 7,MS. Auct. D. 2. 7 - endleaves (fols. ii-iv),MS_Auct_D_2_7-part5,fragment,8 long staves with square notation,,,,,,,,,,,,,,,,
MS_Auct_D_2_7_music_2,manuscript_439,Auct D,MS_Auct_D_2_7,MS. Auct. D. 2. 7,MS. Auct. D. 2. 7 - endleaves (fol. 230),MS_Auct_D_2_7-part6,fragment,8 long staves with square notation,,,,,,,,,,,,,,,,
MS_Auct_D_4_18_music_1,manuscript_467,Auct D,MS_Auct_D_4_18,MS. Auct. D. 4. 18,MS. Auct. D. 4. 18 – Part 1,MS_Auct_D_4_18-part1,,Notation.,,,,,,,,,,,,,,,,
MS_Auct_D_4_9_music_1,manuscript_479,Auct D,MS_Auct_D_4_9,MS. Auct. D. 4. 9,,MS_Auct_D_4_9,,Some musical notation.,,,,,,,,,,,,,,,,
MS_Auct_D_5_7_music_1,manuscript_498,Auct D,MS_Auct_D_5_7,MS. Auct. D. 5. 7,,MS_Auct_D_5_7,,Notation on staves (see van Dijk 1957).,,,,,,,,,,,,,,,,
MS_Auct_F_2_14_music_1,manuscript_610,Auct F,MS_Auct_F_2_14,MS. Auct. F. 2. 14,,MS_Auct_F_2_14,,Notation on staves (see van Dijk 1957).,,,,,,,,,,,,,,,,
MS_Auct_F_2_14_music_2,manuscript_610,Auct F,MS_Auct_F_2_14,MS. Auct. F. 2. 14,,MS_Auct_F_2_14_endleaf-4,fragment,Noted,,,,,,,,,,,,,,,,
MS_Auct_F_3_6_music_1,manuscript_649,Auct F,MS_Auct_F_3_6,MS. Auct. F. 3. 6,,MS_Auct_F_3_6,,Neums.,,,,,,,,,,,,,,,,
MS_Auct_F_4_26_music_1,manuscript_668,Auct F,MS_Auct_F_4_26,MS. Auct. F. 4. 26,,MS_Auct_F_4_26_flyleaves,fragment,Neums (see van Dijk 1957).,,,,,,,,,,,,,,,,
MS_Auct_T_2_22_music_1,manuscript_773,Auct T,MS_Auct_T_2_22,MS. Auct. T. 2. 22,,MS_Auct_T_2_22,,"Neumes above of the first five lines of the hymn ‘O Nazarene, lux Behtlem …’ (fol. 10v), and marginal pen-trial neumes on fol. 126r.",,,,,,,,,,,,,,,,
MS_Auct_T_2_23_music_1,manuscript_774,Auct T,MS_Auct_T_2_23,MS. Auct. T. 2. 23,,MS_Auct_T_2_23,,Neums (see van Dijk 1957).,,,,,,,,,,,,,,,,
MS_Auct_T_6_1_music_1,manuscript_852,Auct T,MS_Auct_T_6_1,MS. Auct. T. 6. 1,,MS_Auct_T_6_1,,"Late Byzantine notation, written clearly, but with a tendency to very broad strokes of the pen. Apart from the Kekragarion and the series of Eothina, the chant is very melismatic, and on fols 79-82 there are melismata without any accompanying text",,,,,,,,,,,,,,,,
MS_Barlow_1_music_1,manuscript_876,Barlow,MS_Barlow_1,MS. Barlow 1,,MS_Barlow_1,,Square notation on 12 staves of 4 red lines.,,,,,,,,,,,,,,,,
MS_Barlow_11_music_1,manuscript_877,Barlow,MS_Barlow_11,MS. Barlow 11,,MS_Barlow_11,,Notation on staves (see van Dijk 1957).,,,,,,,,,,,,,,,,
MS_Barlow_22_music_1,manuscript_884,Barlow,MS_Barlow_22,MS. Barlow 22,"MS. Barlow 22, endleaf, fol. i (lifted pastedown)",MS_Barlow_22-folirv,,"Ars Nova type notation (see Hughes, 1951; Harrison, 1958, p. 153; Apfel, 1959, vol. I, p. 62; Reaney, 1966; The Digital Image Archive of Medieval Music).",,,,,,,,,,,,,,,,
MS_Barlow_24_music_1,manuscript_886,Barlow,MS_Barlow_24,MS. Barlow 24,,MS_Barlow_24,,Music (see van Dijk 1957).,,,,,,,,,,,,,,,,
MS_Barlow_32_music_1,manuscript_895,Barlow,MS_Barlow_32,MS. Barlow 32,,MS_Barlow_32,,Notation on staves (see van Dijk 1957).,,,,,,,,,,,,,,,,
MS_Barlow_5_music_1,manuscript_914,Barlow,MS_Barlow_5,MS. Barlow 5,,MS_Barlow_5,,Square notation on 13 (canon 9) staves of 4 red lines,,,,,,,,,,,,,,,,
MS_Barlow_55_music_1,manuscript_917,Barlow,MS_Barlow_55,MS. Barlow 55,MS. Barlow 55 – fols. 4-5,MS_Barlow_55-part2,fragment,Notation.,,,,,,,,,,,,,,,,
MS_Barlow_7_music_1,manuscript_919,Barlow,MS_Barlow_7,MS. Barlow 7,,MS_Barlow_7,,Notation on staves (see van Dijk 1957).,,,,,,,,,,,,,,,,
MS_Bodl_120_music_1,manuscript_1186,Bodl,MS_Bodl_120,MS. Bodl. 120,,MS_Bodl_120,,Notation on staves (see van Dijk 1957).,,,,,,,,,,,,,,,,
MS_Bodl_126_music_1,manuscript_1190,Bodl,MS_Bodl_126,MS. Bodl. 126,"MS. Bodl. 126 - endleaves (fols. ii-iii, 60–61)",MS_Bodl_126-endleaves,fragment,Neums.,,,,,,,,,,,,,,,,
MS_Bodl_131_music_1,manuscript_1193,Bodl,MS_Bodl_131,MS. Bodl. 131,,MS_Bodl_131,,Notation on staves (see van Dijk 1957).,,,,,,,,,,,,,,,,
MS_Bodl_131_music_2,manuscript_1193,Bodl,MS_Bodl_131,MS. Bodl. 131,MS. Bodl. 131 - endleaves (fols. i-ii),MS_Bodl_131-part1,,Musical notation.,,,,,,,,,,,,,,,,
MS_Bodl_195_music_1,manuscript_1252,Bodl,MS_Bodl_195,MS. Bodl. 195,,MS_Bodl_195,,Notation on staves (see van Dijk 1957).,,,,,,,,,,,,,,,,
MS_Bodl_199_music_1,manuscript_1256,Bodl,MS_Bodl_199,MS. Bodl. 199,,MS_Bodl_199,,Notation (see van Dijk 1957).,,,,,,,,,,,,,,,,
MS_Bodl_199_music_2,manuscript_1256,Bodl,MS_Bodl_199,MS. Bodl. 199,MS. Bodl. 199 - endleaf (fol. 1),MS_Bodl_199_endleaf,fragment,"With musical notes, original and added.",,,,,,,,,,,,,,,,
MS_Bodl_218_music_1,manuscript_1275,Bodl,MS_Bodl_218,MS. Bodl. 218,,MS_Bodl_218,,"Adiastematic and half diastematic Canterbury neums, fol. 165v",,,,,,,,,,,,,,,,
MS_Bodl_233_music_1,manuscript_1287,Bodl,MS_Bodl_233,MS. Bodl. 233,MS. Bodl. 233 - endleaves (fols. 108–109),MS_Bodl_233_endleaves,fragment,"Square notation on staves of 4 red lines, 1 stave to 2 lines of text.",,,,,,,,,,,,,,,,
MS_Bodl_24_music_1,manuscript_1293,Bodl,MS_Bodl_24,MS. Bodl. 24,,MS_Bodl_24,,Notation on staves (see van Dijk 1957).,,,,,,,,,,,,,,,,
MS_Bodl_257_music_1,manuscript_1311,Bodl,MS_Bodl_257,MS. Bodl. 257,"MS. Bodl. 257 - endleaves (fols. i, 195)",MS_Bodl_257-endleaves,fragment,Polyphonic notation.,,,,,,,,,,,,,,,,
MS_Bodl_264_music_1,manuscript_1315,Bodl,MS_Bodl_264,MS. Bodl. 264,MS. Bodl. 264 - Part A (fols. 3-208),MS_Bodl_264-part1,,"Notation on staves of five lines, fol. 181v, for the rondeau in the Restor du paon.",,,,,,,,,,,,,,Restor du paon,,
MS_Bodl_296_music_1,manuscript_1346,Bodl,MS_Bodl_296,MS. Bodl. 296,,MS_Bodl_206_folvi,fragment,Musical notation.,,,,,,,,,,,,,,,,
MS_Bodl_343_music_1,manuscript_1380,Bodl,MS_Bodl_343,MS. Bodl. 343,,MS_Bodl_343,,"Music on a four-line stave, fol. x recto, fol. x verso, 64v",,,,,,,,,,,,,,,,
MS_Bodl_346_music_1,manuscript_1383,Bodl,MS_Bodl_346,MS. Bodl. 346,,Bodl_346_flyleaves1,,Notation on staves (see van Dijk 1957),,,,,,,,,,,,,,,,
MS_Bodl_359_music_1,manuscript_1391,Bodl,MS_Bodl_359,MS. Bodl. 359,,Bodl_359_flyleaves,fragment,Notation on staves (see van Dijk 1957).,,,,,,,,,,,,,,,,
MS_Bodl_38_music_1,manuscript_1409,Bodl,MS_Bodl_38,MS. Bodl. 38,MS. Bodl. 38 – Part 2,MS_Bodl_38-part2,,French adiastematic non-rhythmical neums,,,,,,,,,,,,,,,,
MS_Bodl_384_music_1,manuscript_1414,Bodl,MS_Bodl_384,MS. Bodl. 384,MS. Bodl. 384 - endleaves (fols. i-iii),MS_Bodl_384-endleaves,fragment,Musical notation,,,,,,,,,,,,,,,,
MS_Bodl_398_music_1,manuscript_1429,Bodl,MS_Bodl_398,MS. Bodl. 398,,MS_Bodl_398,,Notation on staves (see van Dijk 1957).,,,,,,,,,,,,,,,,
MS_Bodl_451_music_1,manuscript_1485,Bodl,MS_Bodl_451,MS. Bodl. 451,,Bodl_451_flyleaves,fragment,With space for musical notation,,,,,,,,,,,,,,,,
MS_Bodl_476_music_1,manuscript_1508,Bodl,MS_Bodl_476,MS. Bodl. 476,,MS_Bodl_476,,Notation on staves (see van Dijk 1957).,,,,,,,,,,,,,,,,
MS_Bodl_477_music_1,manuscript_1509,Bodl,MS_Bodl_477,MS. Bodl. 477,MS. Bodl. 477 - endleaves (fol. iii),MS_Bodl_477-endleaves-foliii,fragment,Gaps left for notation.,,,,,,,,,,,,,,,,
MS_Bodl_491_music_1,manuscript_1525,Bodl,MS_Bodl_491,MS. Bodl. 491,,MS_Bodl_491,,Notation on staves (see van Dijk 1957).,,,,,,,,,,,,,,,,
MS_Bodl_535_music_1,manuscript_1558,Bodl,MS_Bodl_535,MS. Bodl. 535,,MS_Bodl_535,,"'Nicolaus' is written in an early 13th cent. (?) hand on fol. 94v, where there are also some late 11th cent. (and later) neums scribbled.",,,,,,,,,,,,,,,,
MS_Bodl_548_music_1,manuscript_1567,Bodl,MS_Bodl_548,MS. Bodl. 548,"MS. Bodl. 548, endleaves (fol. i)",MS_Bodl_548-endleaves1,,"Notation, partly polyphonic.",,,,,,,,,,,,,,,,
MS_Bodl_553_music_1,manuscript_1573,Bodl,MS_Bodl_553,MS. Bodl. 553,"MS. Bodl. 553 – endleaves (fols. i, 43)",MS_Bodl_553-part1,fragment,Notation on staves (see van Dijk 1957).,,,,,,,,,,,,,,,,
MS_Bodl_565_music_1,manuscript_1584,Bodl,MS_Bodl_565,MS. Bodl. 565,,MS_Bodl_565,,Square notation on staves of four lines (fol. 101v).,,,,,,,,,,,,,,,,
MS_Bodl_572_music_1,manuscript_1591,Bodl,MS_Bodl_572,MS. Bodl. 572,MS. Bodl. 572 – Part I (fols. 1–50),MS_Bodl_572-part1B,,Fol. 13v: Anglo-Saxon neums over ‘ite missa est deo gratias’ (see Hartzell).,,,,,,,,,,,,,,,,
MS_Bodl_572_music_2,manuscript_1591,Bodl,MS_Bodl_572,MS. Bodl. 572,MS. Bodl. 572 – Part I (fols. 1–50),MS_Bodl_572-part1D,,"Fols. 47r-49v: German, Anglo-Saxon, and Anglo-Norman neums (see Hartzell, no. 259).",,,,,,,,,,,,,,,,
MS_Bodl_572_music_2,manuscript_1591,Bodl,MS_Bodl_572,MS. Bodl. 572,MS. Bodl. 572 – Part I (fols. 1–50),MS_Bodl_572-part1D,,"Fol. 49v: alphabetical notation (see Hartzell, no. 259).",,,,,,,,,,,,,,,,
MS_Bodl_579_music_1,manuscript_1596,Bodl,MS_Bodl_579,MS. Bodl. 579,"MS. Bodl. 579 - 'Leofric A' (fols. 9–16, 60–154, 158–253, 262–3, 266–273, 278–336) ",MS_Bodl_579-part2,,English and continental musical notations are added in many places.,,,,,,,,,,,,,,,,
MS_Bodl_579_music_2,manuscript_1596,Bodl,MS_Bodl_579,MS. Bodl. 579,"MS. Bodl. 579 - 'Leofric C' (fols. iv-8, 18–37, 155–157, 59, 337–377, and additions in parts A and B: additions made at Exeter in the eleventh century) ",,,"Some musical neums are written over the liturgical texts; all in different handwritings, either English or continental.",,,,,,,,,,,,,,,,
MS_Bodl_596_music_1,manuscript_1609,Bodl,MS_Bodl_596,MS. Bodl. 596,MS. Bodl. 596 – Part 3 (fols. 175-214),MS_Bodl_596-part3,,Neums,,,,,,,,,,,,,,,,
MS_Bodl_637_music_1,manuscript_1641,Bodl,MS_Bodl_637,MS. Bodl. 637,,MS_Bodl_637,,Musical notation.,,,,,,,,,,,,,,,,
MS_Bodl_679_music_1,manuscript_1670,Bodl,MS_Bodl_679,MS. Bodl. 679,,MS_Bodl_679,,Notation on staves (see van Dijk 1957).,,,,,,,,,,,,,,,,
MS_Bodl_693_music_1,manuscript_1685,Bodl,MS_Bodl_693,MS. Bodl. 693,,MS_Bodl_693,,Notation on staves (see van Dijk 1957),,,,,,,,,,,,,,,Notation on staves,https://digital.bodleian.ox.ac.uk/objects/2e47443a-a69e-4695-a6e7-0d797600b52f/surfaces/16587384-4cb9-433f-9ba8-79df89256683/
MS_Bodl_696_music_1,manuscript_1688,Bodl,MS_Bodl_696,MS. Bodl. 696,,MS_Bodl_696,,Notation on staves (see van Dijk 1957).,,,,,,,,,,,,,,,,
MS_Bodl_775_music_1,manuscript_1761,Bodl,MS_Bodl_775,MS. Bodl. 775,,MS_Bodl_775,,"Adiastematic, non-rhythmical Winchester neums. Later hands changed the neumatic notation either into adiastematic (fol. 159) or diastematic point neums on staves of 3–4 red or dry-point (fol. 133v) lines; some Notker letters, especially in part B.",,,,,,,,,,,,,,,,
MS_Bodl_787_music_1,manuscript_1772,Bodl,MS_Bodl_787,MS. Bodl. 787,,MS_Bodl_787_endleaves,fragment,"Space left for staves and notation, neither been entered.",,,,,,,,,,,,,,,,
MS_Bodl_79_music_1,manuscript_1775,Bodl,MS_Bodl_79,MS. Bodl. 79,,MS_Bodl_79,,"Notation on staves, fol. 56.",,,,,,,,,,,,,,,,
MS_Bodl_794_music_1,manuscript_1780,Bodl,MS_Bodl_794,MS. Bodl. 794,,MS_Bodl_794,,Neums (see van Dijk 1957).,,,,,,,,,,,,,,,,
MS_Bodl_82_music_1,manuscript_1808,Bodl,MS_Bodl_82,MS. Bodl. 82,,MS_Bodl_82,,"Staves of five lines are drawn on fols. 36v-37r, 49v (?) and 73v, that on 73v with a little (polyphonic (?)) notation.",,,,,,,,,,,,,,,,
MS_Bodl_901_music_1,manuscript_1875,Bodl,MS_Bodl_901,MS. Bodl. 901,,MS_Bodl_901,,Notation on staves (see van Dijk 1957).,,,,,,,,,,,,,,,Notation on staves,https://digital.bodleian.ox.ac.uk/objects/108eff10-25c4-4e0d-980a-7f8d213c14c8/
MS_Bodl_948_music_1,manuscript_1897,Bodl,MS_Bodl_948,MS. Bodl. 948,,MS_Bodl_948,,Notation on staves (see van Dijk 1957).,,,,,,,,,,,,,,,,
MS_Bodl_971_music_1,manuscript_1911,Bodl,MS_Bodl_971,MS. Bodl. 971,,MS_Bodl_971,,Notation on staves (see van Dijk 1957).,,,,,,,,,,,,,,,,
MS_Broxb_894_music_1,manuscript_1978,Broxbourne,MS_Broxb_894,MS. Broxb. 89.4,,MS_Broxb_894,,Musical notation on staves.,,,,,,,,,,,,,,,,
MS_Canon_Bibl_Lat_18_music_1,manuscript_2036,Canon Bibl Lat,MS_Canon_Bibl_Lat_18,MS. Canon. Bibl. Lat. 18,,MS_Canon_Bibl_Lat_18,,Heavy square notation on 5 staves.,,,,,,,,,,,,,,,,
MS_Canon_Bibl_Lat_29_music_1,manuscript_2043,Canon Bibl Lat,MS_Canon_Bibl_Lat_29,MS. Canon. Bibl. Lat. 29,,MS_Canon_Bibl_Lat_29,,"Some square notation of staves of 4 red lines added in the margins (fols. 66–7, 84, 87).",,,,,,,,,,,,,,,,
MS_Canon_Bibl_Lat_29_music_1,manuscript_2043,Canon Bibl Lat,MS_Canon_Bibl_Lat_29,MS. Canon. Bibl. Lat. 29,,MS_Canon_Bibl_Lat_29,,"14th cent. addition: Kyrie, Sanctus and Agnus dei with square notation on staves of 4 lines (2 black, 1 yellow, 1 red).",,,,,,,,,,,,,,,,
MS_Canon_Bibl_Lat_30_music_1,manuscript_2045,Canon Bibl Lat,MS_Canon_Bibl_Lat_30,MS. Canon. Bibl. Lat. 30,,MS_Canon_Bibl_Lat_30,,"Neums on staves of three, often invisible, lines.",,,,,,,,,,,,,,,,
MS_Canon_Bibl_Lat_43_music_1,manuscript_2059,Canon Bibl Lat,MS_Canon_Bibl_Lat_43,MS. Canon. Bibl. Lat. 43,,MS_Canon_Bibl_Lat_43,,"Occasional neums above the text; the genealogies of Christ (fol. 5r-v, 94v-95r) with notation.",,,,,,,,,,,,,,,,
MS_Canon_Bibl_Lat_61_music_1,manuscript_2078,Canon Bibl Lat,MS_Canon_Bibl_Lat_61,MS. Canon. Bibl. Lat. 61,,MS_Canon_Bibl_Lat_61,,The Exultet with Beneventan notation on 1 dry-point line.,,,,,,,,,,,,,,,,
MS_Canon_Bibl_Lat_61_music_1,manuscript_2078,Canon Bibl Lat,MS_Canon_Bibl_Lat_61,MS. Canon. Bibl. Lat. 61,,MS_Canon_Bibl_Lat_61,,"In the passion of St. Matthew (fol. 71) the parts are indicated by e, i and x; in the others (fols. 84v, 94, 119) the c, s and + are added.",,,,,,,,,,,,,,,,
MS_Canon_Bibl_Lat_76_music_1,manuscript_2089,Canon Bibl Lat,MS_Canon_Bibl_Lat_76,MS. Canon. Bibl. Lat. 76,,MS_Canon_Bibl_Lat_76,,Neumatic notation added in the margins in 13th-century and later hands (fols. 20b verso–26r),,,,,,,,,,,,,,,,
MS_Canon_Bibl_Lat_87_music_1,manuscript_2101,Canon Bibl Lat,MS_Canon_Bibl_Lat_87,MS. Canon. Bibl. Lat. 87,,MS_Canon_Bibl_Lat_87,,Melodical accents throughout.,,,,,,,,,,,,,,,,
MS_Canon_Class_Lat_112_music_1,manuscript_2123,Canon Class Lat,MS_Canon_Class_Lat_112,MS. Canon. Class. Lat. 112,,MS_Canon_Class_Lat_112,,Fols. 35-6v: 5 lines of script and 5 staves of music.,,,,,,,,,,,,,,,,
MS_Canon_Ital_51_music_1,manuscript_2762,Canon Ital,MS_Canon_Ital_51,MS. Canon. Ital. 51,,,,Neumatic notation on staves.,,,,,,,,,,,,,,,,
MS_Canon_Liturg_163_music_1,manuscript_2863,Canon Liturg,MS_Canon_Liturg_163,MS. Canon. Liturg. 163,,MS_Canon_Liturg_163,,Some square notation on 9 staves of 3 red lines.,,,,,,,,,,,,,,,,
MS_Canon_Liturg_171_music_1,manuscript_2872,Canon Liturg,MS_Canon_Liturg_171,MS. Canon. Liturg. 171,,MS_Canon_Liturg_171,,Music (see van Dijk 1957).,,,,,,,,,,,,,,,,
MS_Canon_Liturg_190_music_1,manuscript_2882,Canon Liturg,MS_Canon_Liturg_190,MS. Canon. Liturg. 190,,MS_Canon_Liturg_190,,Notation on staves (see van Dijk 1957).,,,,,,,,,,,,,,,,
MS_Canon_Liturg_191_music_1,manuscript_2883,Canon Liturg,MS_Canon_Liturg_191,MS. Canon. Liturg. 191,,MS_Canon_Liturg_191,,Square notation on staves of four red lines.,,,,,,,,,,,,,,,,
MS_Canon_Liturg_197_music_1,manuscript_2885,Canon Liturg,MS_Canon_Liturg_197,MS. Canon. Liturg. 197,,MS_Canon_Liturg_197,,Square notation on 7 staves of 3 or 4 red lines.,,,,,,,,,,,,,,,,
MS_Canon_Liturg_202_music_1,manuscript_2892,Canon Liturg,MS_Canon_Liturg_202,MS. Canon. Liturg. 202,,MS_Canon_Liturg_202,,"Adiastematic, non-rhythmical notation of S. Germany",,,,,,,,,,,,,,,,
MS_Canon_Liturg_216_music_1,manuscript_2907,Canon Liturg,MS_Canon_Liturg_216,MS. Canon. Liturg. 216,,MS_Canon_Liturg_216,,Notation on staves (see van Dijk 1957).,,,,,,,,,,,,,,,,
MS_Canon_Liturg_272_music_1,manuscript_2960,Canon Liturg,MS_Canon_Liturg_272,MS. Canon. Liturg. 272,,MS_Canon_Liturg_272,,Notation on staves (see van Dijk 1957).,,,,,,,,,,,,,,,,
MS_Canon_Liturg_277_music_1,manuscript_2965,Canon Liturg,MS_Canon_Liturg_277,MS. Canon. Liturg. 277,,MS_Canon_Liturg_277,,Notation on staves (see van Dijk 1957).,,,,,,,,,,,,,,,,
MS_Canon_Liturg_291_music_1,manuscript_2979,Canon Liturg,MS_Canon_Liturg_291,MS. Canon. Liturg. 291,,MS_Canon_Liturg_291,,Notation on staves (see van Dijk 1957).,,,,,,,,,,,,,,,,
MS_Canon_Liturg_292_music_1,manuscript_2980,Canon Liturg,MS_Canon_Liturg_292,MS. Canon. Liturg. 292,,MS_Canon_Liturg_292,,Notation on staves (see van Dijk 1957).,,,,,,,,,,,,,,,,
MS_Canon_Liturg_296_music_1,manuscript_2983,Canon Liturg,MS_Canon_Liturg_296,MS. Canon. Liturg. 296,,MS_Canon_Liturg_296,,Notation on staves (see van Dijk 1957).,,,,,,,,,,,,,,,,
MS_Canon_Liturg_297_music_1,manuscript_2984,Canon Liturg,MS_Canon_Liturg_297,MS. Canon. Liturg. 297,,MS_Canon_Liturg_297,,"Fine adiastematic, non-rhythmical notation of German neums, tending towards point neums.",,,,,,,,,,,,,,,,
MS_Canon_Liturg_308_music_1,manuscript_2991,Canon Liturg,MS_Canon_Liturg_308,MS. Canon. Liturg. 308,,MS_Canon_Liturg_308,,Notation on staves (see van Dijk 1957).,,,,,,,,,,,,,,,,
MS_Canon_Liturg_319_music_1,manuscript_3001,Canon Liturg,MS_Canon_Liturg_319,MS. Canon. Liturg. 319,,MS_Canon_Liturg_319-partB,,Some cues and the first part of the Exultet (fol. 79v) in adiastematic rhythmical neums of St. Gall.,,,,,,,,,,,,,,,,
MS_Canon_Liturg_320_music_1,manuscript_3003,Canon Liturg,MS_Canon_Liturg_320,MS. Canon. Liturg. 320,,MS_Canon_Liturg_320,,Notation on staves (see van Dijk 1957).,,,,,,,,,,,,,,,,
MS_Canon_Liturg_321_music_1,manuscript_3004,Canon Liturg,MS_Canon_Liturg_321,MS. Canon. Liturg. 321,,MS_Canon_Liturg_321,,"Italian notation on 3 or 4 lines; 2 or 3 dry point, one red (F) and sometimes one yellow (C); up to fol.47v the notation resembles the North Italian system, from fol.60 onwards the Beneventan.",,,,,,,,,,,,,,,,
MS_Canon_Liturg_322_music_1,manuscript_3005,Canon Liturg,MS_Canon_Liturg_322,MS. Canon. Liturg. 322,,,,"Square notation on 8 staves of 4 lines: 2 dry-point or black, 1 red and 1 yellow.",,,,,,,,,,,,,,,,
MS_Canon_Liturg_323_music_1,manuscript_3006,Canon Liturg,MS_Canon_Liturg_323,MS. Canon. Liturg. 323,,MS_Canon_Liturg_323,,Notation (see van Dijk 1957).,,,,,,,,,,,,,,,,
MS_Canon_Liturg_324_music_1,manuscript_3007,Canon Liturg,MS_Canon_Liturg_324,MS. Canon. Liturg. 324,,MS_Canon_Liturg_324,,Occasional neumes in the text. The Exultet has square notation on 4-line staves; the marginal music at fol. 66r has no ruling.,,,,,,,,,,,,,,,,
MS_Canon_Liturg_325_music_1,manuscript_3008,Canon Liturg,MS_Canon_Liturg_325,MS. Canon. Liturg. 325,,MS_Canon_Liturg_325,,See above: adiastematic neums; square notation on four-line staves.,,,,,,,,,,,,,,,,
MS_Canon_Liturg_331_music_1,manuscript_3015,Canon Liturg,MS_Canon_Liturg_331,MS. Canon. Liturg. 331,,MS_Canon_Liturg_331,,Square notation on 7 staves of 4 red lines.,,,,,,,,,,,,,,,,
MS_Canon_Liturg_339_music_1,manuscript_3020,Canon Liturg,MS_Canon_Liturg_339,MS. Canon. Liturg. 339,,MS_Canon_Liturg_339,,Notation on staves (see van Dijk 1957).,,,,,,,,,,,,,,,,
MS_Canon_Liturg_340_music_1,manuscript_3022,Canon Liturg,MS_Canon_Liturg_340,MS. Canon. Liturg. 340,,MS_Canon_Liturg_340,,"Adiastematic neumatic notation, in the proser often lacking or added by later hands; above the original text corrections in square notation on staves of 4 red lines are made on fol.18 (troped introit of St. Stephen), fol. 19v (troped introit of St. John the evangelist); some square notation on black staves added on fol. 135.",,,,,,,,,,,,,,,,
MS_Canon_Liturg_341_music_1,manuscript_3023,Canon Liturg,MS_Canon_Liturg_341,MS. Canon. Liturg. 341,,MS_Canon_Liturg_341,,"'Rhythmical south German neums with a tendency to diastematism' (Flotzinger, p. 73)",,,,,,,,,,,,,,,,
MS_Canon_Liturg_342_music_1,manuscript_3024,Canon Liturg,MS_Canon_Liturg_342,MS. Canon. Liturg. 342,,MS_Canon_Liturg_342,,"Beneventan notation on 11 staves of a red, a yellow and a dry point line. In the gospels in Lent the parts are indicated with L and + (fol. 28v), in the passions with 1 (e), s and + (fol. 41v)",,,,,,,,,,,,,,,,
MS_Canon_Liturg_345_music_1,manuscript_3027,Canon Liturg,MS_Canon_Liturg_345,MS. Canon. Liturg. 345,,MS_Canon_Liturg_345,,"Square notation of 12 staves of 2 black and 1 red line in the Exultet (fol. 74v), erased and rewritten about the same time the texts on fol. 19f were added.",,,,,,,,,,,,,,,,
MS_Canon_Liturg_346_music_1,manuscript_3028,Canon Liturg,MS_Canon_Liturg_346,MS. Canon. Liturg. 346,,MS_Canon_Liturg_346,,Notation (see van Dijk 1957).,,,,,,,,,,,,,,,,
MS_Canon_Liturg_350_music_1,manuscript_3033,Canon Liturg,MS_Canon_Liturg_350,MS. Canon. Liturg. 350,,MS_Canon_Liturg_350,,Non-rhythmical notation of the St. Gall type.,,,,,,,,,,,,,,,,
MS_Canon_Liturg_352_music_1,manuscript_3035,Canon Liturg,MS_Canon_Liturg_352,MS. Canon. Liturg. 352,,MS_Canon_Liturg_352,,Square notation on staves of 3–6 red lines.,,,,,,,,,,,,,,,,
MS_Canon_Liturg_354_music_1,manuscript_3037,Canon Liturg,MS_Canon_Liturg_354,MS. Canon. Liturg. 354,,MS_Canon_Liturg_354,,Adiastematic non-rhythmical notation of S. Germany,,,,,,,,,,,,,,,,
MS_Canon_Liturg_355_music_1,manuscript_3038,Canon Liturg,MS_Canon_Liturg_355,MS. Canon. Liturg. 355,,MS_Canon_Liturg_355,,"Some square notation on 7 staves of 3 or 4 red lines; in the prefaces, 11 long staves to a page.",,,,,,,,,,,,,,,,
MS_Canon_Liturg_356_music_1,manuscript_3039,Canon Liturg,MS_Canon_Liturg_356,MS. Canon. Liturg. 356,,MS_Canon_Liturg_356,,Square notation on staves of four red lines.,,,,,,,,,,,,,,,,
MS_Canon_Liturg_358_music_1,manuscript_3040,Canon Liturg,MS_Canon_Liturg_358,MS. Canon. Liturg. 358,,MS_Canon_Liturg_358,,Neumatic notation on staves (see van Dijk 1957).,,,,,,,,,,,,,,,,
MS_Canon_Liturg_359_music_1,manuscript_3041,Canon Liturg,MS_Canon_Liturg_359,MS. Canon. Liturg. 359,,MS_Canon_Liturg_359,,Neumatic notation on staves (see van Dijk 1957).,,,,,,,,,,,,,,,,
MS_Canon_Liturg_360_music_1,manuscript_3043,Canon Liturg,MS_Canon_Liturg_360,MS. Canon. Liturg. 360,,MS_Canon_Liturg_360,,Notation (see van Dijk 1957).,,,,,,,,,,,,,,,,
MS_Canon_Liturg_362_music_1,manuscript_3045,Canon Liturg,MS_Canon_Liturg_362,MS. Canon. Liturg. 362,,MS_Canon_Liturg_362,,Notation on staves (see van Dijk 1957).,,,,,,,,,,,,,,,,
MS_Canon_Liturg_366_music_1,manuscript_3048,Canon Liturg,MS_Canon_Liturg_366,MS. Canon. Liturg. 366,,MS_Canon_Liturg_366,,Adiastematic non-rhythmical North Italian neums.,,,,,,,,,,,,,,,,
MS_Canon_Liturg_368_music_1,manuscript_3050,Canon Liturg,MS_Canon_Liturg_368,MS. Canon. Liturg. 368,,MS_Canon_Liturg_368,,Square notation on staves of 4 red lines.,,,,,,,,,,,,,,,,
MS_Canon_Liturg_369_music_1,manuscript_3051,Canon Liturg,MS_Canon_Liturg_369,MS. Canon. Liturg. 369,,MS_Canon_Liturg_369,,Square notation on 8 staves.,,,,,,,,,,,,,,,,
MS_Canon_Liturg_370_music_1,manuscript_3053,Canon Liturg,MS_Canon_Liturg_370,MS. Canon. Liturg. 370,,MS_Canon_Liturg_370,,Square notation on staves of four red lines.,,,,,,,,,,,,,,,,
MS_Canon_Liturg_371_music_1,manuscript_3054,Canon Liturg,MS_Canon_Liturg_371,MS. Canon. Liturg. 371,,MS_Canon_Liturg_371,,Square notation on 5 staves.,,,,,,,,,,,,,,,,
MS_Canon_Liturg_374_music_1,manuscript_3056,Canon Liturg,MS_Canon_Liturg_374,MS. Canon. Liturg. 374,,MS_Canon_Liturg_374,,Square notation on 8 long staves of 4 red lines.,,,,,,,,,,,,,,,,
MS_Canon_Liturg_375_music_1,manuscript_3057,Canon Liturg,MS_Canon_Liturg_375,MS. Canon. Liturg. 375,,MS_Canon_Liturg_375,,Notation on staves (see van Dijk 1957).,,,,,,,,,,,,,,,,
MS_Canon_Liturg_376_music_1,manuscript_3058,Canon Liturg,MS_Canon_Liturg_376,MS. Canon. Liturg. 376,,MS_Canon_Liturg_376,,Melodical accents in red above the text.,,,,,,,,,,,,,,,,
MS_Canon_Liturg_377_music_1,manuscript_3059,Canon Liturg,MS_Canon_Liturg_377,MS. Canon. Liturg. 377,,MS_Canon_Liturg_377,,Square notation on staves of four red lines.,,,,,,,,,,,,,,,,
MS_Canon_Liturg_378_music_1,manuscript_3060,Canon Liturg,MS_Canon_Liturg_378,MS. Canon. Liturg. 378,,MS_Canon_Liturg_378,,Notation on staves (see van Dijk 1957).,,,,,,,,,,,,,,,,
MS_Canon_Liturg_379_music_1,manuscript_3061,Canon Liturg,MS_Canon_Liturg_379,MS. Canon. Liturg. 379,,MS_Canon_Liturg_379,,Notation on staves (see van Dijk 1957).,,,,,,,,,,,,,,,,
MS_Canon_Liturg_380_music_1,manuscript_3062,Canon Liturg,MS_Canon_Liturg_380,MS. Canon. Liturg. 380,,MS_Canon_Liturg_380,,Square notation on 9 staves of 4 red lines.,,,,,,,,,,,,,,,,
MS_Canon_Liturg_382_music_1,manuscript_3063,Canon Liturg,MS_Canon_Liturg_382,MS. Canon. Liturg. 382,,MS_Canon_Liturg_382,,Square notation on 8 long staves of 4 red lines.,,,,,,,,,,,,,,,,
MS_Canon_Liturg_384_music_1,manuscript_3065,Canon Liturg,MS_Canon_Liturg_384,MS. Canon. Liturg. 384,,MS_Canon_Liturg_384,,Square notation on 8 staves of 3 red lines.,,,,,,,,,,,,,,,,
MS_Canon_Liturg_385_music_1,manuscript_3066,Canon Liturg,MS_Canon_Liturg_385,MS. Canon. Liturg. 385,,MS_Canon_Liturg_385,,Square notation on mostly 9 long staves of 3 red lines.,,,,,,,,,,,,,,,,
MS_Canon_Liturg_386_music_1,manuscript_3067,Canon Liturg,MS_Canon_Liturg_386,MS. Canon. Liturg. 386,,MS_Canon_Liturg_386,,Square notation on 8 staves of 4 red lines.,,,,,,,,,,,,,,,,
MS_Canon_Liturg_387_music_1,manuscript_3068,Canon Liturg,MS_Canon_Liturg_387,MS. Canon. Liturg. 387,,MS_Canon_Liturg_387,,Square notation on 10 staves of 4 or 5 red lines.,,,,,,,,,,,,,,,,
MS_Canon_Liturg_389_music_1,manuscript_3070,Canon Liturg,MS_Canon_Liturg_389,MS. Canon. Liturg. 389,,MS_Canon_Liturg_389,,Square notation on 10 staves of 4 red lines.,,,,,,,,,,,,,,,,
MS_Canon_Liturg_395_music_1,manuscript_3074,Canon Liturg,MS_Canon_Liturg_395,MS. Canon. Liturg. 395,,MS_Canon_Liturg_395,,Square notation on staves of four red lines.,,,,,,,,,,,,,,,,
MS_Canon_Liturg_99_music_1,manuscript_3113,Canon Liturg,MS_Canon_Liturg_99,MS. Canon. Liturg. 99,,MS_Canon_Liturg_99,,Notation on staves (see van Dijk 1957).,,,,,,,,,,,,,,,,
MS_Canon_Misc_213_music_1,manuscript_3232,Canon Misc,MS_Canon_Misc_213,MS. Canon. Misc. 213,,MS_Canon_Misc_213,,Black mensural notation; white mensural notation,,,,,,,,,,,,,,,,
MS_Canon_Misc_43_music_1,manuscript_3463,Canon Misc,MS_Canon_Misc_43,MS. Canon. Misc. 43,,MS_Canon_Misc_43,,Neumatic notation on staves (see van Dijk 1957).,,,,,,,,,,,,,,,,
MS_Canon_Misc_575_music_1,manuscript_3621,Canon Misc,MS_Canon_Misc_575,MS. Canon. Misc. 575,,MS_Canon_Misc_575,,Adiastematic neumes added above an added marginal antiphon for the feast of St Gregory: ‘Sex struxit in sicilia vir clarus monasteria’ (CANTUS 004878) (fol. 122v).,,,,,,,,,,,,,,,CANTUS 004878,http://www.cantusindex.org/id/004878
MS_Canon_Misc_575_music_1,manuscript_3621,Canon Misc,MS_Canon_Misc_575,MS. Canon. Misc. 575,,MS_Canon_Misc_575,,"Adiastematic neumes added above two short lines written horizontally on recto of the former back pastedown (fol. 136r), both with the same melody: ‘puer ginitur nec mater ulla premitur angustia loco antiphon’ (Dreves, Analecta Hymnica, xx (1895), p. 67 no. 42, part of the third stanza), and: ‘Si commeditis de pomis loco positis perennia’ (cf. ibid., stanza 5)",,,,,,,,,,,,,,Analecta Hymnica,,
MS_Canon_Misc_92_music_1,manuscript_3659,Canon Misc,MS_Canon_Misc_92,MS. Canon. Misc. 92,,MS_Canon_Misc_92,,Notation on staves (see van Dijk 1957).,,,,,,,,,,,,,,,,
MS_Canon_Pat_Lat_112_music_1,manuscript_3682,Canon Pat Lat,MS_Canon_Pat_Lat_112,MS. Canon. Pat. Lat. 112,,MS_Canon_Pat_Lat_112,,Musical notation on fol. 112v.,,,,,,,,,,,,,,,,
MS_Canon_Pat_Lat_172_music_1,manuscript_3748,Canon Pat Lat,MS_Canon_Pat_Lat_172,MS. Canon. Pat. Lat. 172,,MS_Canon_Pat_Lat_172,,"Diastematic neumes, fol. 170v",,,,,,,,,,,,,,,,
MS_Canon_Pat_Lat_172_music_2,manuscript_3748,Canon Pat Lat,MS_Canon_Pat_Lat_172,MS. Canon. Pat. Lat. 172,MS. Canon. Pat. Lat. 172 - endleaf (former pastedown) (fol. i),MS_Canon_Pat_Lat_172-foli,fragment,Staveless neumes,,,,,,,,,,,,,,,,
MS_Canon_Pat_Lat_172_music_3,manuscript_3748,Canon Pat Lat,MS_Canon_Pat_Lat_172,MS. Canon. Pat. Lat. 172,MS. Canon. Pat. Lat. 172 - endleaf (former pastedown) (fol. 189),MS_Canon_Pat_Lat_172-fol189,fragment,Chant (written in smaller script) with staveless neumes,,,,,,,,,,,,,,,,
MS_Canon_Pat_Lat_192_music_1,manuscript_3770,Canon Pat Lat,MS_Canon_Pat_Lat_192,MS. Canon. Pat. Lat. 192,,MS_Canon_Pat_Lat_192,,A 12th-century pen-trial(?) with a version of an Easter antiphon ‘Christus resurgens mortuis iam non est’ has neums above the first two words (back pastedown).,,,,,,,,,,,,,,,,
MS_Canon_Pat_Lat_229_music_1,manuscript_3811,Canon Pat Lat,MS_Canon_Pat_Lat_229,MS. Canon. Pat. Lat. 229,MS. Canon. Pat. Lat. 229 – Part 2 (fols. 53–56),MS_Canon_Pat_Lat_229-part2A,,Polyphonic mensural notation,,,,,,,,,,,,,,,,
MS_Canon_Pat_Lat_229_music_2,manuscript_3811,Canon Pat Lat,MS_Canon_Pat_Lat_229,MS. Canon. Pat. Lat. 229,MS. Canon. Pat. Lat. 229 – Part 3 (fol. 57),MS_Canon_Pat_Lat_229-part2B,fragment,"North Italian, almost square, notation on (at least) 12 staves of 4 lines: 2 dry point, 1 yellow and 1 red.",,,,,,,,,,,,,,,,
MS_Canon_Pat_Lat_88_music_1,manuscript_3886,Canon Pat Lat,MS_Canon_Pat_Lat_88,MS. Canon. Pat. Lat. 88,,MS_Canon_Pat_Lat_88,,Neums (see van Dijk 1957).,,,,,,,,,,,,,,,,
MS_Canon_Pat_Lat_96_music_1,manuscript_3895,Canon Pat Lat,MS_Canon_Pat_Lat_96,MS. Canon. Pat. Lat. 96,,MS_Canon_Pat_Lat_96,,Notation on staves (see van Dijk 1957).,,,,,,,,,,,,,,,,
Christ_Church_MS_150_music_1,manuscript_3933,Christ Church,Christ_Church_MS_150,Christ Church MS. 150,,Christ_Church_MS_150,,Staves with black notation on red lines,,,,,,,,,,,,,,,,
Christ_Church_MS_378_music_1,manuscript_3950,Christ Church,Christ_Church_MS_378,Christ Church MS. 378,Fragment 2,,,"Music on red staves, four lines.",,,,,,,,,,,,,,,,
Christ_Church_MS_378_music_2,manuscript_3950,Christ Church,Christ_Church_MS_378,Christ Church MS. 378,Fragment 3,,,Four-line musical staves in red.,,,,,,,,,,,,,,,,
Christ_Church_MS_378_music_3,manuscript_3950,Christ Church,Christ_Church_MS_378,Christ Church MS. 378,Fragment 11,,,Four-line musical staves in red.,,,,,,,,,,,,,,,,
Christ_Church_MS_378_music_4,manuscript_3950,Christ Church,Christ_Church_MS_378,Christ Church MS. 378,Fragment 12,,,The music on red staves.,,,,,,,,,,,,,,,,
Christ_Church_MS_689_music_1,manuscript_3960,Christ Church,Christ_Church_MS_689,Christ Church Mus 1295 (aka MS. 689),,Christ_Church_MS_689,,Staves ruled in red.,,,,,,,,,,,,,,,,
Christ_Church_MS_87_music_1,manuscript_3961,Christ Church,Christ_Church_MS_87,Christ Church MS. 87,,Christ_Church_MS_87,,Some noted portions on a four-line stave in red.,,,,,,,,,,,,,,,,
MS_E_D_Clarke_29_music_1,manuscript_3994,Clarke,MS_E_D_Clarke_29,MS. E. D. Clarke 29,,MS_E_D_Clarke_29,,The Improperia (fols. 54v–56r) with 5 lines of text and music in square notation on four-line red staves.,,,,,,,,,,,,,,,,
MS_DOrville_145_music_1,manuscript_4082,DOrville,MS_DOrville_145,MS. D'Orville 145,,MS_DOrville_145,,"Nicholson notes that the neumes on fol. 56 are in a lighter ink than the main text and that an ink of the same colour was used by a corrector on fol. 44v who seems to be roughly contemporary with the main scribe. The similarity in the colour of the ink leads Nicholson to speculate that it may have been the corrector who added the neumes. Nicholson reports H. M. Bannister's opinion that the neumes are from Metz, with Bannister noting the similarity with those found in a 12th century antiphon in honour of the Belgian saint Lambert on fol. 155 of MS. Auct. T. 2. 23. Bannister compares MS. D'Orville 145 to Vatican MS. Reg. lat. 1987, fol. 1r, also from St Peter's, Ghent, which has the same lines and similar neumes but repeated throughout the poem (Some of the Oldest Latin Musical Manuscripts in the Bodleian Library [1913], vol. 3, p. lxxix). See also Henry Marriott Bannister, Monumenti vaticani di paleografia musicale latina (Lipsia, 1913), p. 101, note 2",,,,,,,,,,,,,,Some of the Oldest Latin Musical Manuscripts in the Bodleian Library; Monumenti vaticani di paleografia musicale latina,MS. Auct. T. 2. 23; Reg. lat. 1987,https://medieval.bodleian.ox.ac.uk/catalog/manuscript_774 https://digi.vatlib.it/view/MSS_Reg.lat.1987/0005
MS_DOrville_175_music_1,manuscript_4112,DOrville,MS_DOrville_175,MS. D'Orville 175,,MS_DOrville_175,,Music (see van Dijk 1957).,,,,,,,,,,,,,,,,
MS_DOrville_45_music_1,manuscript_4151,DOrville,MS_DOrville_45,MS. D'Orville 45,,MS_DOrville_45,,"Occasional diastematic Aquitanian point neum notation (fols. 157, 187, 215v ff.).",,,,,,,,,,,,,,,,
Dep_d_363_music_1,manuscript_4215,Dep,Dep_d_363,Dep. d. 363,,Dep_d_363,,Neumatic notation on staves of four red lines,,,,,,,,,,,,,,,,
MS_Digby_109_music_1,manuscript_4231,Digby,MS_Digby_109,MS. Digby 109,,MS_Digby_109,,Notation on staves (see van Dijk 1957).,,,,,,,,,,,,,,,,
MS_Digby_134_music_1,manuscript_4252,Digby,MS_Digby_134,MS. Digby 134,,MS_Digby_134,,Notation on staves (see van Dijk 1957).,,,,,,,,,,,,,,,,
MS_Digby_2_music_1,manuscript_4319,Digby,MS_Digby_2,MS. Digby 2,,MS_Digby_2,,Music (see van Dijk 1957).,,,,,,,,,,,,,,,,
MS_Digby_227_music_1,manuscript_4349,Digby,MS_Digby_227,MS. Digby 227,,MS_Digby_227,,Square notation on 7 staves of 4 red lines.,,,,,,,,,,,,,,,,
MS_Digby_25_music_1,manuscript_4360,Digby,MS_Digby_25,MS. Digby 25,,MS_Digby_25,,Beneventan notation. (Pächt and Alexander ii. 23),,,,,,,,,,,,,,,Pächt and Alexander,https://catalog.hathitrust.org/Record/000468709
MS_Digby_53_music_1,manuscript_4391,Digby,MS_Digby_53,MS. Digby 53,,MS_Digby_53,,Neums (see van Dijk 1957).,,,,,,,,,,,,,,,,
MS_Digby_65_music_1,manuscript_4403,Digby,MS_Digby_65,MS. Digby 65,MS. Digby 65 – Part 3,MS_Digby_65-part3,,Space for music left blank; 2 lines of square notation on staves of 4 or 5 red lines.,,,,,,,,,,,,,,,,
MS_Digby_90_music_1,manuscript_4431,Digby,MS_Digby_90,MS. Digby 90,,MS_Digby_90,,Musical notation on staves of four lines.,,,,,,,,,,,,,,,,
MS_Don_b_31_music_1,manuscript_4449,Don,MS_Don_b_31,MS. Don. b. 31,,MS_Don_b_31,,Staves in red.,,,,,,,,,,,,,,,,
MS_Don_b_5_music_1,manuscript_4451,Don,MS_Don_b_5,MS. Don. b. 5,,MS_Don_b_5,,Square notation on 13 staves (canon 10) staves of 4 red lines.,,,,,,,,,,,,,,,,
MS_Don_b_6_music_1,manuscript_4452,Don,MS_Don_b_6,MS. Don. b. 6,,MS_Don_b_6,,12 staves of 4 red lines with square notation.,,,,,,,,,,,,,,,,
MS_Don_e_248_music_1,manuscript_4468,Don,MS_Don_e_248,MS. Don. e. 248,,MS_Don_e_248,,Hufnagel notation on black four-line staves on four folios.,,,,,,,,,,,,,,,,
MS_Don_e_248_music_1,manuscript_4468,Don,MS_Don_e_248,MS. Don. e. 248,,MS_Don_e_248,,"Interlinear neumes added to some of the psalms (e.g., ff. 52, 60, 98).",52 60 98,52r 60r 98r,52r 60r 98r,,,,,,,,,,,,,
MS_Douce_127_music_1,manuscript_4503,Douce,MS_Douce_127,MS. Douce 127,,MS_Douce_127,,Roman antiphons with music (square notation on three or four black lines) added in the margins in an early 14th-century hand.,,,,,,,,,,,,,,,,
MS_Douce_2_music_1,manuscript_4564,Douce,MS_Douce_2,MS. Douce 2,,MS_Douce_2,,Notation on staves (see van Dijk 1957).,,,,,,,,,,,,,,,,
MS_Douce_218_music_1,manuscript_4577,Douce,MS_Douce_218,MS. Douce 218,,MS_Douce_218,,Notation (see van Dijk 1957).,,,,,,,,,,,,,,,,
MS_Douce_22_music_1,manuscript_4578,Douce,MS_Douce_22,MS. Douce 22,,MS_Douce_22,,Notation on staves (see van Dijk 1957).,,,,,,,,,,,,,,,,
MS_Douce_222_music_1,manuscript_4579,Douce,MS_Douce_222,MS. Douce 222,,MS_Douce_222,,"North Italian diastematic, non rhythmical notation throughout with some Notker letters. In the offertorial and on the following leaves the notation shows evident visigothic (Spanish) influence.",,,,,,,,,,,,,,,,
MS_Douce_272_music_1,manuscript_4620,Douce,MS_Douce_272,MS. Douce 272,,MS_Douce_272,,Square notation on staves of four red lines.,,,,,,,,,,,,,,,,
MS_Douce_381_music_1,manuscript_4703,Douce,MS_Douce_381,MS. Douce 381,,MS_Douce_381,,Notation on staves (see van Dijk 1957).,,,,,,,,,,,,,,,,
MS_Douce_383_music_1,manuscript_4705,Douce,MS_Douce_383,MS. Douce 383,,MS_Douce_383,,Notation on staves (see van Dijk 1957).,,,,,,,,,,,,,,,,
MS_Douce_a_1_music_1,manuscript_4758,Douce,MS_Douce_a_1,MS. Douce a. 1,,MS_Douce_a_1,,Notation on staves (see van Dijk 1957).,,,,,,,,,,,,,,,,
MS_Douce_d_3_music_1,manuscript_4767,Douce,MS_Douce_d_3,MS. Douce d. 3,,MS_Douce_d_3,,Neums (see van Dijk 1957).,,,,,,,,,,,,,,,,
MS_Eng_misc_c_291_music_1,manuscript_4809,Eng misc,MS_Eng_misc_c_291,MS. Eng. misc. c. 291,MS.Eng.misc.c.291 – Part 7,MS_Eng_misc_c_291-part7,,Staves of five lines.,,,,,,,,,,,,,,,,
MS_Gough_Liturg_1_music_1,manuscript_4917,Gough,MS_Gough_Liturg_1,MS. Gough Liturg. 1,,MS_Gough_Liturg_1,,Notation on staves (see van Dijk 1957).,,,,,,,,,,,,,,,,
MS_Gough_Liturg_16_music_1,manuscript_4924,Gough,MS_Gough_Liturg_16,MS. Gough Liturg. 16,,MS_Gough_Liturg_16,,Square notation on long staves of 4 red lines (see van Dijk 1957).,,,,,,,,,,,,,,,,
MS_Gough_Liturg_5_music_1,manuscript_4931,Gough,MS_Gough_Liturg_5,MS. Gough Liturg. 5,,MS_Gough_Liturg_5,,Square notation on 8 staves of 8 red lines (see van Dijk 1957).,,,,,,,,,,,,,,,,
MS_Hamilton_12_music_1,manuscript_5972,Hamilton,MS_Hamilton_12,MS. Hamilton 12,,MS_Hamilton_12-endleaf-fol169,fragment,Adiastematic neums,,,,,,,,,,,,,,,,
MS_Hamilton_14_music_1,manuscript_5974,Hamilton,MS_Hamilton_14,MS. Hamilton 14,,MS_Hamilton_14,,Offsets on the lower board from a fourteenth-century (?) liturgical manuscript with musical notation; fragments of the same manuscript in the binding.,,,,,,,,,,,,,,,,
MS_Hamilton_17_music_1,manuscript_5977,Hamilton,MS_Hamilton_17,MS. Hamilton 17,MS. Hamilton 17 - upper and lower pastedowns,MS_Hamilton_17-pastedowns,fragment,Neums,,,,,,,,,,,,,,,,
MS_Hamilton_22_music_1,manuscript_5983,Hamilton,MS_Hamilton_22,MS. Hamilton 22,,MS_Hamilton_22,,Notation on staves (see van Dijk 1957).,,,,,,,,,,,,,,,,
MS_Hamilton_46_music_1,manuscript_6009,Hamilton,MS_Hamilton_46,MS. Hamilton 46,MS. Hamilton 46 – Part 2 (fols. 61–222),MS_Hamilton_46-part2,,"Added neums, fol. 221r",,,,,,,,,,,,,,,,
MS_Hamilton_47_music_1,manuscript_6010,Hamilton,MS_Hamilton_47,MS. Hamilton 47,,MS_Hamilton_47,,Pen-trial with musical notation on the lower pastedown.,,,,,,,,,,,,,,,,
MS_Hamilton_49_music_1,manuscript_6012,Hamilton,MS_Hamilton_49,MS. Hamilton 49,"MS. Hamilton 49, fols. 363–366 and binding waste",,,Adiastematic neumes.,,,,,,,,,,,,,,,,
MS_Hatton_1_music_1,manuscript_6028,Hatton,MS_Hatton_1,MS. Hatton 1,,MS_Hatton_1,,Square notation on 18 staves of 4 red lines.,,,,,,,,,,,,,,,,
MS_Hatton_100_music_1,manuscript_6030,Hatton,MS_Hatton_100,MS. Hatton 100,,MS_Hatton_100,,Notation on staves (see van Dijk 1957).,,,,,,,,,,,,,,,,
MS_Hatton_106_music_1,manuscript_6034,Hatton,MS_Hatton_106,MS. Hatton 106,,MS_Hatton_106,,Notation on staves.,,,,,,,,,,,,,,,,
MS_Hatton_106_music_2,manuscript_6034,Hatton,MS_Hatton_106,MS. Hatton 106,"MS. Hatton 106, fol. i (lifted pastedown)",MS_Hatton_106-endleaf,,"English neums on a four-line stave (not in Hartzell, 2006).",,,,,,,,,,,,,,,,
MS_Hatton_116_music_1,manuscript_6042,Hatton,MS_Hatton_116,MS. Hatton 116,,MS_Hatton_116,,"Pages 96-8 are blank, except for scribbles in the Tremulous Hand and some musical notes.",,,,,,,,,,,,,,,,
MS_Hatton_16_music_1,manuscript_6047,Hatton,MS_Hatton_16,MS. Hatton 16,,MS_Hatton_16,,Notation on staves (see van Dijk 1957),,,,,,,,,,,,,,,,
MS_Hatton_3_music_1,manuscript_6058,Hatton,MS_Hatton_3,MS. Hatton 3,,MS_Hatton_3,,"Square notation on 14 staves of 4 red lines, 320 188",,,,written,320,320,320,188,188,188,mm,,,,,
MS_Hatton_42_music_1,manuscript_6067,Hatton,MS_Hatton_42,MS. Hatton 42,MS. Hatton 42 – Part A (fols. 1-142),MS_Hatton_42-part1,,"Pen-trials of German neums, fol. 39r (Hartzell, no. 266 (a))",,,,,,,,,,,,,,,,
MS_Hatton_42_music_1,manuscript_6067,Hatton,MS_Hatton_42,MS. Hatton 42,MS. Hatton 42 – Part A (fols. 1-142),MS_Hatton_42-part1,,"Pen-trial of Breton neums, fol. 101v (Hartzell, no. 266 (b))",,,,,,,,,,,,,,,,
MS_Hatton_42_music_1,manuscript_6067,Hatton,MS_Hatton_42,MS. Hatton 42,MS. Hatton 42 – Part A (fols. 1-142),MS_Hatton_42-part1,,"Incipits of propers for the Common of the Saints, partly noted (fols. 133v-134r) (Hartzell, no. 266 (c))",,,,,,,,,,,,,,,,
MS_Hatton_48_music_1,manuscript_6072,Hatton,MS_Hatton_48,MS. Hatton 48,,MS_Hatton_48,,"Melismata added over textual phrases and in the margin on fols. 20v, 23v, 29v, 44v, 62r.",,,,,,,,,,,,,,,,
MS_Hatton_48_music_2,manuscript_6072,Hatton,MS_Hatton_48,MS. Hatton 48,MS. Hatton 48 – fol. 77,,,"Blessing in verse, Alme deus trine conserua nos sine fine, notated in adiastematic French neumes. Some text and notation erased.",,,,,,,,,,,,,,,,
MS_Hatton_57_music_1,manuscript_6081,Hatton,MS_Hatton_57,MS. Hatton 57,MS. Hatton 57 – endleaves,MS_Hatton_57-endleaves,fragment,Notation on staves (see van Dijk 1957),,,,,,,,,,,,,,,,
MS_Hatton_81_music_1,manuscript_6097,Hatton,MS_Hatton_81,MS. Hatton 81,,Hatton_81_flyleaves,,Notation.,,,,,,,,,,,,,,,,
MS_Hatton_9_music_1,manuscript_6106,Hatton,MS_Hatton_9,MS. Hatton 9,,MS_Hatton_9,,Notation on staves.,,,,,,,,,,,,,,,,
MS_Junius_121_music_1,manuscript_6320,Junius,MS_Junius_121,MS. Junius 121,,MS_Junius_121,,"Neums, fol. 1r, occasionally elsewhere in the margins.",,,,,,,,,,,,,,,,
MS_Junius_25_music_1,manuscript_6321,Junius,MS_Junius_25,MS. Junius 25,"MS. Junius 25 - endleaves (fols. 1, 194)",MS_Junius_25_endleaves,fragment,Neums.,,,,,,,,,,,,,,,,
MS_Junius_25_music_2,manuscript_6321,Junius,MS_Junius_25,MS. Junius 25,MS. Junius 25 – Part D (fols. 108–115),MS_Junius_25-part5,,Pen-trials with neums on fol. 115v.,,,,,,,,,,,,,,,,
MS_Lat_hist_e_2_music_1,manuscript_6434,Lat hist,MS_Lat_hist_e_2,MS. Lat. hist. e. 2,,MS_Lat_hist_e_2,,Notation (see van Dijk 1957).,,,,,,,,,,,,,,,,
MS_Lat_liturg_a_1_music_1,manuscript_6438,Lat liturg,MS_Lat_liturg_a_1,MS. Lat. liturg. a. 1,,MS_Lat_liturg_a_1,,Square notation on staves of four red lines.,,,,,,,,,,,,,,,,
MS_Lat_liturg_a_12_music_1,manuscript_6439,Lat liturg,MS_Lat_liturg_a_12,MS. Lat. liturg. a. 12,MS. Lat. liturg. a. 12 – Part 1,MS_Lat_liturg_a_12-part1,,Square notation on staves of five red lines; bar lines.,,,,,,,,,,,,,,,,
MS_Lat_liturg_a_12_music_2,manuscript_6439,Lat liturg,MS_Lat_liturg_a_12,MS. Lat. liturg. a. 12,MS. Lat. liturg. a. 12 – Part 2,MS_Lat_liturg_a_12-part2,,Square notation on staves of five red lines; bar lines.,,,,,,,,,,,,,,,,
MS_Lat_liturg_a_12_music_3,manuscript_6439,Lat liturg,MS_Lat_liturg_a_12,MS. Lat. liturg. a. 12,MS. Lat. liturg. a. 12 – Part 3,MS_Lat_liturg_a_12-part3,,Square notation on staves of four red lines.,,,,,,,,,,,,,,,,
MS_Lat_liturg_a_2_music_1,manuscript_6440,Lat liturg,MS_Lat_liturg_a_2,MS. Lat. liturg. a. 2,,MS_Lat_liturg_a_2,,Square notation on staves of four red lines.,,,,,,,,,,,,,,,,
MS_Lat_liturg_a_3_music_1,manuscript_6441,Lat liturg,MS_Lat_liturg_a_3,MS. Lat. liturg. a. 3,,MS_Lat_liturg_a_3,,Square notation on staves of four red lines.,,,,,,,,,,,,,,,,
MS_Lat_liturg_a_4_music_1,manuscript_6442,Lat liturg,MS_Lat_liturg_a_4,MS. Lat. liturg. a. 4,,MS_Lat_liturg_a_4,,"Square notation on 7 staves of 4 black lines and coloured F and C lines, 380 275",,,,written,380,380,380,275,275,275,mm,,,,,
MS_Lat_liturg_a_5_music_1,manuscript_6443,Lat liturg,MS_Lat_liturg_a_5,MS. Lat. liturg. a. 5,,MS_Lat_liturg_a_5,,Square notation on 7 staves of 4 red lines.,,,,,,,,,,,,,,,,
MS_Lat_liturg_a_6_music_1,manuscript_6444,Lat liturg,MS_Lat_liturg_a_6,MS. Lat. liturg. a. 6,,MS_Lat_liturg_a_6,,Notation on staves; neums; neumatic notation on staves (see van Dijk 1957).,,,,,,,,,,,,,,,,
MS_Lat_liturg_a_8_music_1,manuscript_6445,Lat liturg,MS_Lat_liturg_a_8,MS. Lat. liturg. a. 8,,MS_Lat_liturg_a_8,,Notation on staves (see van Dijk 1957).,,,,,,,,,,,,,,,,
MS_Lat_liturg_a_8_music_10,manuscript_6445,Lat liturg,MS_Lat_liturg_a_8,MS. Lat. liturg. a. 8,MS. Lat. liturg. a. 8 – Part 13,MS_Lat_liturg_a_8-part13,,Square notation on 7 staves of 5 red lines,,,,,,,,,,,,,,,,
MS_Lat_liturg_a_8_music_11,manuscript_6445,Lat liturg,MS_Lat_liturg_a_8,MS. Lat. liturg. a. 8,MS. Lat. liturg. a. 8 – Part 14,MS_Lat_liturg_a_8-part14,,Square notation on staves of 4 red lines.,,,,,,,,,,,,,,,,
MS_Lat_liturg_a_8_music_12,manuscript_6445,Lat liturg,MS_Lat_liturg_a_8,MS. Lat. liturg. a. 8,MS. Lat. liturg. a. 8 – Part 16,MS_Lat_liturg_a_8-part16,,Square notation on staves of 4 red lines,,,,,,,,,,,,,,,,
MS_Lat_liturg_a_8_music_13,manuscript_6445,Lat liturg,MS_Lat_liturg_a_8,MS. Lat. liturg. a. 8,MS. Lat. liturg. a. 8 – Part 17,MS_Lat_liturg_a_8-part17,,Staves of 3 red lines with square notation,,,,,,,,,,,,,,,,
MS_Lat_liturg_a_8_music_14,manuscript_6445,Lat liturg,MS_Lat_liturg_a_8,MS. Lat. liturg. a. 8,MS. Lat. liturg. a. 8 – Part 18,MS_Lat_liturg_a_8-part18,,Square notation on 6 staves of 4 red lines,,,,,,,,,,,,,,,,
MS_Lat_liturg_a_8_music_15,manuscript_6445,Lat liturg,MS_Lat_liturg_a_8,MS. Lat. liturg. a. 8,MS. Lat. liturg. a. 8 – Part 19,MS_Lat_liturg_a_8-part19,,Square notation on 12 staves of 4 red lines,,,,,,,,,,,,,,,,
MS_Lat_liturg_a_8_music_2,manuscript_6445,Lat liturg,MS_Lat_liturg_a_8,MS. Lat. liturg. a. 8,MS. Lat. liturg. a. 8 – Part 1,MS_Lat_liturg_a_8-part1,,8 staves of 4 lines,,,,,,,,,,,,,,,,
MS_Lat_liturg_a_8_music_3,manuscript_6445,Lat liturg,MS_Lat_liturg_a_8,MS. Lat. liturg. a. 8,MS. Lat. liturg. a. 8 – Part 3,MS_Lat_liturg_a_8-part3,,Gothic notation on staves of 4 lines,,,,,,,,,,,,,,,,
MS_Lat_liturg_a_8_music_4,manuscript_6445,Lat liturg,MS_Lat_liturg_a_8,MS. Lat. liturg. a. 8,MS. Lat. liturg. a. 8 – Part 5,MS_Lat_liturg_a_8-part5,,Square notation on staves of four red lines,,,,,,,,,,,,,,,,
MS_Lat_liturg_a_8_music_5,manuscript_6445,Lat liturg,MS_Lat_liturg_a_8,MS. Lat. liturg. a. 8,MS. Lat. liturg. a. 8 – Part 7,MS_Lat_liturg_a_8-part7,,Square notation on 14 staves of 4 red lines.,,,,,,,,,,,,,,,,
MS_Lat_liturg_a_8_music_6,manuscript_6445,Lat liturg,MS_Lat_liturg_a_8,MS. Lat. liturg. a. 8,MS. Lat. liturg. a. 8 – Part 9,MS_Lat_liturg_a_8-part9,,Square notation on 14 staves of 4 red lines,,,,,,,,,,,,,,,,
MS_Lat_liturg_a_8_music_7,manuscript_6445,Lat liturg,MS_Lat_liturg_a_8,MS. Lat. liturg. a. 8,MS. Lat. liturg. a. 8 – Part 10,MS_Lat_liturg_a_8-part10,,Square notation on staves of 4 red lines,,,,,,,,,,,,,,,,
MS_Lat_liturg_a_8_music_8,manuscript_6445,Lat liturg,MS_Lat_liturg_a_8,MS. Lat. liturg. a. 8,MS. Lat. liturg. a. 8 – Part 11,MS_Lat_liturg_a_8-part11,,Square notation on staves of 4 red lines,,,,,,,,,,,,,,,,
MS_Lat_liturg_a_8_music_9,manuscript_6445,Lat liturg,MS_Lat_liturg_a_8,MS. Lat. liturg. a. 8,MS. Lat. liturg. a. 8 – Part 12,MS_Lat_liturg_a_8-part12,,Square notation on staves of 4 red lines.,,,,,,,,,,,,,,,,
MS_Lat_liturg_a_9_music_1,manuscript_6446,Lat liturg,MS_Lat_liturg_a_9,MS. Lat. liturg. a. 9,MS. Lat. liturg. a. 9 – Part 1,MS_Lat_liturg_a_9-part1,,Square notation on 19 staves of 4 red lines,,,,,,,,,,,,,,,,
MS_Lat_liturg_a_9_music_2,manuscript_6446,Lat liturg,MS_Lat_liturg_a_9,MS. Lat. liturg. a. 9,MS. Lat. liturg. a. 9 – Part 2,MS_Lat_liturg_a_9-part2,,Square notation on 16 staves of 4 red lines,,,,,,,,,,,,,,,,
MS_Lat_liturg_a_9_music_3,manuscript_6446,Lat liturg,MS_Lat_liturg_a_9,MS. Lat. liturg. a. 9,MS. Lat. liturg. a. 9 – Part 3,MS_Lat_liturg_a_9-part3,,Square notation on 19 staves of 4 red lines,,,,,,,,,,,,,,,,
MS_Lat_liturg_a_9_music_4,manuscript_6446,Lat liturg,MS_Lat_liturg_a_9,MS. Lat. liturg. a. 9,MS. Lat. liturg. a. 9 – Part 4,MS_Lat_liturg_a_9-part4,,Square notation on staves of 4 red lines,,,,,,,,,,,,,,,,
MS_Lat_liturg_b_1_music_1,manuscript_6447,Lat liturg,MS_Lat_liturg_b_1,MS. Lat. liturg. b. 1,,MS_Lat_liturg_b_1,,Square notation on staves of three or four red lines.,,,,,,,,,,,,,,,,
MS_Lat_liturg_b_14_music_1,manuscript_6448,Lat liturg,MS_Lat_liturg_b_14,MS. Lat. liturg. b. 14,,MS_Lat_liturg_b_14,,Square notation on staves of four red lines,,,,,,,,,,,,,,,,
MS_Lat_liturg_b_17_music_1,manuscript_6450,Lat liturg,MS_Lat_liturg_b_17,MS. Lat. liturg. b. 17,,,,Notation on staves of fourlines.,,,,,,,,,,,,,,,,
MS_Lat_liturg_b_17_music_2,manuscript_6450,Lat liturg,MS_Lat_liturg_b_17,MS. Lat. liturg. b. 17,,,,Square notation on staves of 4 lines.,,,,,,,,,,,,,,,,
MS_Lat_liturg_b_3_music_1,manuscript_6454,Lat liturg,MS_Lat_liturg_b_3,MS. Lat. liturg. b. 3,,MS_Lat_liturg_b_3,,Notation on staves (see van Dijk 1957).,,,,,,,,,,,,,,,,
MS_Lat_liturg_b_4_music_1,manuscript_6455,Lat liturg,MS_Lat_liturg_b_4,MS. Lat. liturg. b. 4,,MS_Lat_liturg_b_4,,Square notation on 11 staves of 4 red lines; neums are added to the passion of Good Friday (fol. 83),,,,,,,,,,,,,,,,
MS_Lat_liturg_b_5_music_1,manuscript_6456,Lat liturg,MS_Lat_liturg_b_5,MS. Lat. liturg. b. 5,,MS_Lat_liturg_b_5,,Square notation on 12 staves of 4 red lines.,,,,,,,,,,,,,,,,
MS_Lat_liturg_b_7_music_1,manuscript_6458,Lat liturg,MS_Lat_liturg_b_7,MS. Lat. liturg. b. 7,,MS_Lat_liturg_b_7,,Neumatic notation on staves; neums; notation on staves (see van Dijk 1957).,,,,,,,,,,,,,,,,
MS_Lat_liturg_b_7_music_10,manuscript_6458,Lat liturg,MS_Lat_liturg_b_7,MS. Lat. liturg. b. 7,MS. Lat. liturg. b. 7 – Part 15,MS_Lat_liturg_b_7-part15,,Square notation on 14 staves of 4 red lines,,,,,,,,,,,,,,,,
MS_Lat_liturg_b_7_music_11,manuscript_6458,Lat liturg,MS_Lat_liturg_b_7,MS. Lat. liturg. b. 7,MS. Lat. liturg. b. 7 – Part 17,MS_Lat_liturg_b_7-part17,,Square notation on 13 staves of 4 red lines,,,,,,,,,,,,,,,,
MS_Lat_liturg_b_7_music_12,manuscript_6458,Lat liturg,MS_Lat_liturg_b_7,MS. Lat. liturg. b. 7,MS. Lat. liturg. b. 7 – Part 19,MS_Lat_liturg_b_7-part19,,Square notation on staves of 4 red lines,,,,,,,,,,,,,,,,
MS_Lat_liturg_b_7_music_13,manuscript_6458,Lat liturg,MS_Lat_liturg_b_7,MS. Lat. liturg. b. 7,MS. Lat. liturg. b. 7 – Part 20,MS_Lat_liturg_b_7-part20,,Notation adiastematic neums,,,,,,,,,,,,,,,,
MS_Lat_liturg_b_7_music_14,manuscript_6458,Lat liturg,MS_Lat_liturg_b_7,MS. Lat. liturg. b. 7,MS. Lat. liturg. b. 7 – Part 21,MS_Lat_liturg_b_7-part21,,Notation adiastematic neums,,,,,,,,,,,,,,,,
MS_Lat_liturg_b_7_music_15,manuscript_6458,Lat liturg,MS_Lat_liturg_b_7,MS. Lat. liturg. b. 7,MS. Lat. liturg. b. 7 – Part 26,MS_Lat_liturg_b_7-part26,,Square notation on staves of 4 red lines,,,,,,,,,,,,,,,,
MS_Lat_liturg_b_7_music_16,manuscript_6458,Lat liturg,MS_Lat_liturg_b_7,MS. Lat. liturg. b. 7,MS. Lat. liturg. b. 7 – Part 27,MS_Lat_liturg_b_7-part27,,Notation adiastematic neums,,,,,,,,,,,,,,,,
MS_Lat_liturg_b_7_music_17,manuscript_6458,Lat liturg,MS_Lat_liturg_b_7,MS. Lat. liturg. b. 7,MS. Lat. liturg. b. 7 – Part 29,MS_Lat_liturg_b_7-part29,,Gothic notation on 10 staves of 4 red lines,,,,,,,,,,,,,,,,
MS_Lat_liturg_b_7_music_18,manuscript_6458,Lat liturg,MS_Lat_liturg_b_7,MS. Lat. liturg. b. 7,MS. Lat. liturg. b. 7 – Part 34,MS_Lat_liturg_b_7-part34,,Fine adiastematic neums of the St. Gall type,,,,,,,,,,,,,,,,
MS_Lat_liturg_b_7_music_19,manuscript_6458,Lat liturg,MS_Lat_liturg_b_7,MS. Lat. liturg. b. 7,MS. Lat. liturg. b. 7 – Part 35,MS_Lat_liturg_b_7-part35,,Square notation with some neums on 17 staves of 4 red lines,,,,,,,,,,,,,,,,
MS_Lat_liturg_b_7_music_2,manuscript_6458,Lat liturg,MS_Lat_liturg_b_7,MS. Lat. liturg. b. 7,MS. Lat. liturg. b. 7 – Part 3,MS_Lat_liturg_b_7-part3,,"Gothic notation on 10 staves of two black, one yellow and one red lines",,,,,,,,,,,,,,,,
MS_Lat_liturg_b_7_music_20,manuscript_6458,Lat liturg,MS_Lat_liturg_b_7,MS. Lat. liturg. b. 7,MS. Lat. liturg. b. 7 – Part 36,MS_Lat_liturg_b_7-part36,,Square notation on staves of 4 red lines,,,,,,,,,,,,,,,,
MS_Lat_liturg_b_7_music_21,manuscript_6458,Lat liturg,MS_Lat_liturg_b_7,MS. Lat. liturg. b. 7,MS. Lat. liturg. b. 7 – Part 37,MS_Lat_liturg_b_7-part37,,Square notation on staves of 4 red lines,,,,,,,,,,,,,,,,
MS_Lat_liturg_b_7_music_22,manuscript_6458,Lat liturg,MS_Lat_liturg_b_7,MS. Lat. liturg. b. 7,MS. Lat. liturg. b. 7 – Part 40,MS_Lat_liturg_b_7-part40,,Square notation on 13 staves of 4 red lines,,,,,,,,,,,,,,,,
MS_Lat_liturg_b_7_music_23,manuscript_6458,Lat liturg,MS_Lat_liturg_b_7,MS. Lat. liturg. b. 7,MS. Lat. liturg. b. 7 – Part 43,MS_Lat_liturg_b_7-part43,,Square notation on 10 staves of 4 red lines,,,,,,,,,,,,,,,,
MS_Lat_liturg_b_7_music_24,manuscript_6458,Lat liturg,MS_Lat_liturg_b_7,MS. Lat. liturg. b. 7,MS. Lat. liturg. b. 7 – Part 44,MS_Lat_liturg_b_7-part44,,Square notation on staves of 4 red lines,,,,,,,,,,,,,,,,
MS_Lat_liturg_b_7_music_25,manuscript_6458,Lat liturg,MS_Lat_liturg_b_7,MS. Lat. liturg. b. 7,MS. Lat. liturg. b. 7 – Part 45,MS_Lat_liturg_b_7-part45,,Square notation on staves of 4 red lines,,,,,,,,,,,,,,,,
MS_Lat_liturg_b_7_music_26,manuscript_6458,Lat liturg,MS_Lat_liturg_b_7,MS. Lat. liturg. b. 7,MS. Lat. liturg. b. 7 – Part 46,MS_Lat_liturg_b_7-part46,,Gothic notation on staves of four or five black lines,,,,,,,,,,,,,,,,
MS_Lat_liturg_b_7_music_27,manuscript_6458,Lat liturg,MS_Lat_liturg_b_7,MS. Lat. liturg. b. 7,MS. Lat. liturg. b. 7 – Part 47,MS_Lat_liturg_b_7-part47,,Space for notation left blank,,,,,,,,,,,,,,,,
MS_Lat_liturg_b_7_music_28,manuscript_6458,Lat liturg,MS_Lat_liturg_b_7,MS. Lat. liturg. b. 7,MS. Lat. liturg. b. 7 – Part 48,MS_Lat_liturg_b_7-part48,,Gothic notation on 12 staves of 4 black lines,,,,,,,,,,,,,,,,
MS_Lat_liturg_b_7_music_29,manuscript_6458,Lat liturg,MS_Lat_liturg_b_7,MS. Lat. liturg. b. 7,MS. Lat. liturg. b. 7 – Part 49,MS_Lat_liturg_b_7-part49,,Gothic notation on 10 staves of 4 or 5 black lines,,,,,,,,,,,,,,,,
MS_Lat_liturg_b_7_music_3,manuscript_6458,Lat liturg,MS_Lat_liturg_b_7,MS. Lat. liturg. b. 7,MS. Lat. liturg. b. 7 – Part 8,MS_Lat_liturg_b_7-part8,,Notation adiastematic neums,,,,,,,,,,,,,,,,
MS_Lat_liturg_b_7_music_30,manuscript_6458,Lat liturg,MS_Lat_liturg_b_7,MS. Lat. liturg. b. 7,MS. Lat. liturg. b. 7 – Part 50,MS_Lat_liturg_b_7-part50,,Gothic notation on staves of 5 black lines,,,,,,,,,,,,,,,,
MS_Lat_liturg_b_7_music_31,manuscript_6458,Lat liturg,MS_Lat_liturg_b_7,MS. Lat. liturg. b. 7,MS. Lat. liturg. b. 7 – Part 52,MS_Lat_liturg_b_7-part52,,Gothic notation on staves of 3–4 black lines,,,,,,,,,,,,,,,,
MS_Lat_liturg_b_7_music_32,manuscript_6458,Lat liturg,MS_Lat_liturg_b_7,MS. Lat. liturg. b. 7,MS. Lat. liturg. b. 7 – Part 56,MS_Lat_liturg_b_7-part56,,"Adiastematic neums, St. Gall type",,,,,,,,,,,,,,,,
MS_Lat_liturg_b_7_music_33,manuscript_6458,Lat liturg,MS_Lat_liturg_b_7,MS. Lat. liturg. b. 7,MS. Lat. liturg. b. 7 – Part 57,MS_Lat_liturg_b_7-part57,,Square notation on 18 staves of 4 red lines,,,,,,,,,,,,,,,,
MS_Lat_liturg_b_7_music_34,manuscript_6458,Lat liturg,MS_Lat_liturg_b_7,MS. Lat. liturg. b. 7,MS. Lat. liturg. b. 7 – Part 58,MS_Lat_liturg_b_7-part58,,Square notation on 16 staves of 4 red lines,,,,,,,,,,,,,,,,
MS_Lat_liturg_b_7_music_35,manuscript_6458,Lat liturg,MS_Lat_liturg_b_7,MS. Lat. liturg. b. 7,MS. Lat. liturg. b. 7 – Part 64,MS_Lat_liturg_b_7-part64,,Square notation on 17 staves of 4 red lines,,,,,,,,,,,,,,,,
MS_Lat_liturg_b_7_music_4,manuscript_6458,Lat liturg,MS_Lat_liturg_b_7,MS. Lat. liturg. b. 7,MS. Lat. liturg. b. 7 – Part 9,MS_Lat_liturg_b_7-part9,,Notation adiastematic neums,,,,,,,,,,,,,,,,
MS_Lat_liturg_b_7_music_5,manuscript_6458,Lat liturg,MS_Lat_liturg_b_7,MS. Lat. liturg. b. 7,MS. Lat. liturg. b. 7 – Part 10,MS_Lat_liturg_b_7-part10,,Square notation on 13 staves of 4 red lines,,,,,,,,,,,,,,,,
MS_Lat_liturg_b_7_music_6,manuscript_6458,Lat liturg,MS_Lat_liturg_b_7,MS. Lat. liturg. b. 7,MS. Lat. liturg. b. 7 – Part 11,MS_Lat_liturg_b_7-part11,,"Fine, square notation on 15 staves of 4 red lines",,,,,,,,,,,,,,,,
MS_Lat_liturg_b_7_music_7,manuscript_6458,Lat liturg,MS_Lat_liturg_b_7,MS. Lat. liturg. b. 7,MS. Lat. liturg. b. 7 – Part 12,MS_Lat_liturg_b_7-part12,,Square notation on 11 staves of 4 red lines,,,,,,,,,,,,,,,,
MS_Lat_liturg_b_7_music_8,manuscript_6458,Lat liturg,MS_Lat_liturg_b_7,MS. Lat. liturg. b. 7,MS. Lat. liturg. b. 7 – Part 13,MS_Lat_liturg_b_7-part13,,Square notation on 14 staves of 4 red lines,,,,,,,,,,,,,,,,
MS_Lat_liturg_b_7_music_9,manuscript_6458,Lat liturg,MS_Lat_liturg_b_7,MS. Lat. liturg. b. 7,MS. Lat. liturg. b. 7 – Part 14,MS_Lat_liturg_b_7-part14,,Square notation on 11 staves of 4 red lines,,,,,,,,,,,,,,,,
MS_Lat_liturg_b_9_music_1,manuscript_6459,Lat liturg,MS_Lat_liturg_b_9,MS. Lat. liturg. b. 9,,MS_Lat_liturg_b_9,,Gothic notation on 11 or 17 staves of 3 or 4 red lines.,,,,,,,,,,,,,,,,
MS_Lat_liturg_c_1_music_1,manuscript_6460,Lat liturg,MS_Lat_liturg_c_1,MS. Lat. liturg. c. 1,,MS_Lat_liturg_c_1,,"Square notation on 12 staves of 4 or 5 lines (one red, one yellow).",,,,,,,,,,,,,,,,
MS_Lat_liturg_c_34_music_1,manuscript_6461,Lat liturg,MS_Lat_liturg_c_34,MS. Lat. liturg. c. 34,,MS_Lat_liturg_c_34,,"Notation on 8 staves of 4 lines (1 red, 1 yellow).",,,,,,,,,,,,,,,,
MS_Lat_liturg_c_35_music_1,manuscript_6462,Lat liturg,MS_Lat_liturg_c_35,MS. Lat. liturg. c. 35,,MS_Lat_liturg_c_35,,Square notation on staves of 4 red lines,,,,,,,,,,,,,,,,
MS_Lat_liturg_c_36_music_1,manuscript_6463,Lat liturg,MS_Lat_liturg_c_36,MS. Lat. liturg. c. 36,,MS_Lat_liturg_c_36,,Neumatic notation on 19 staves of 4 red lines,,,,,,,,,,,,,,,,
MS_Lat_liturg_c_37_music_1,manuscript_6464,Lat liturg,MS_Lat_liturg_c_37,MS. Lat. liturg. c. 37,,MS_Lat_liturg_c_37,,Pages with music contain 12 staves of 4 lines ruled in red ink,,,,,,,,,,,,,,,,
MS_Lat_liturg_d_1_music_1,manuscript_6466,Lat liturg,MS_Lat_liturg_d_1,MS. Lat. liturg. d. 1,,MS_Lat_liturg_d_1,,Notation on staves (see van Dijk 1957).,,,,,,,,,,,,,,,,
MS_Lat_liturg_d_16_music_1,manuscript_6468,Lat liturg,MS_Lat_liturg_d_16,MS. Lat. liturg. d. 16,,MS_Lat_liturg_d_16,,Notation on staves; neumatic notation on staves; neums (see van Dijk 1957).,,,,,,,,,,,,,,,,
MS_Lat_liturg_d_16_music_10,manuscript_6468,Lat liturg,MS_Lat_liturg_d_16,MS. Lat. liturg. d. 16,MS. Lat. liturg. d. 16 – Part 26,MS_Lat_liturg_d_16-part26,,Square notation on staves of 4 red lines,,,,,,,,,,,,,,,,
MS_Lat_liturg_d_16_music_11,manuscript_6468,Lat liturg,MS_Lat_liturg_d_16,MS. Lat. liturg. d. 16,MS. Lat. liturg. d. 16 – Part 27,MS_Lat_liturg_d_16-part27,,Square notation on staves of 4 red lines,,,,,,,,,,,,,,,,
MS_Lat_liturg_d_16_music_12,manuscript_6468,Lat liturg,MS_Lat_liturg_d_16,MS. Lat. liturg. d. 16,MS. Lat. liturg. d. 16 – Part 30,MS_Lat_liturg_d_16-part30,,Square notation on staves of 4 red lines,,,,,,,,,,,,,,,,
MS_Lat_liturg_d_16_music_13,manuscript_6468,Lat liturg,MS_Lat_liturg_d_16,MS. Lat. liturg. d. 16,MS. Lat. liturg. d. 16 – Part 31,MS_Lat_liturg_d_16-part31,,"Point-neum notation on staves of 4 red lines, each of which is marked with a clef: c.a.f.D.",,,,,,,,,,,,,,,,
MS_Lat_liturg_d_16_music_14,manuscript_6468,Lat liturg,MS_Lat_liturg_d_16,MS. Lat. liturg. d. 16,MS. Lat. liturg. d. 16 – Part 33,MS_Lat_liturg_d_16-part33,,"Neumatic notation, transitional between gothic notation and point neums, on 12 staves of 4 black lines",,,,,,,,,,,,,,,,
MS_Lat_liturg_d_16_music_15,manuscript_6468,Lat liturg,MS_Lat_liturg_d_16,MS. Lat. liturg. d. 16,MS. Lat. liturg. d. 16 – Part 34,MS_Lat_liturg_d_16-part34,,Heavy square notation on staves of 4 red lines,,,,,,,,,,,,,,,,
MS_Lat_liturg_d_16_music_16,manuscript_6468,Lat liturg,MS_Lat_liturg_d_16,MS. Lat. liturg. d. 16,MS. Lat. liturg. d. 16 – Part 35,MS_Lat_liturg_d_16-part35,,"Adiastematic, non-rhythmical neums added (fol.91)",,,,,,,,,,,,,,,,
MS_Lat_liturg_d_16_music_17,manuscript_6468,Lat liturg,MS_Lat_liturg_d_16,MS. Lat. liturg. d. 16,MS. Lat. liturg. d. 16 – Part 37,MS_Lat_liturg_d_16-part37,,Square notation on 6 staves of 4 red lines,,,,,,,,,,,,,,,,
MS_Lat_liturg_d_16_music_18,manuscript_6468,Lat liturg,MS_Lat_liturg_d_16,MS. Lat. liturg. d. 16,MS. Lat. liturg. d. 16 – Part 38,MS_Lat_liturg_d_16-part38,,Square notation on 7 staves of 4 red lines,,,,,,,,,,,,,,,,
MS_Lat_liturg_d_16_music_19,manuscript_6468,Lat liturg,MS_Lat_liturg_d_16,MS. Lat. liturg. d. 16,MS. Lat. liturg. d. 16 – Part 39,MS_Lat_liturg_d_16-part39,,7 staves of 4 red lines without notes,,,,,,,,,,,,,,,,
MS_Lat_liturg_d_16_music_2,manuscript_6468,Lat liturg,MS_Lat_liturg_d_16,MS. Lat. liturg. d. 16,MS. Lat. liturg. d. 16 – Part 11,MS_Lat_liturg_d_16-part11,,Adiastematic non-rhythmical neums,,,,,,,,,,,,,,,,
MS_Lat_liturg_d_16_music_20,manuscript_6468,Lat liturg,MS_Lat_liturg_d_16,MS. Lat. liturg. d. 16,MS. Lat. liturg. d. 16 – Part 41,MS_Lat_liturg_d_16-part41,,"Adiastematic, non-rhythmical neums",,,,,,,,,,,,,,,,
MS_Lat_liturg_d_16_music_21,manuscript_6468,Lat liturg,MS_Lat_liturg_d_16,MS. Lat. liturg. d. 16,MS. Lat. liturg. d. 16 – Part 45,MS_Lat_liturg_d_16-part45,,Square notation on 12 staves of 4 red lines,,,,,,,,,,,,,,,,
MS_Lat_liturg_d_16_music_22,manuscript_6468,Lat liturg,MS_Lat_liturg_d_16,MS. Lat. liturg. d. 16,MS. Lat. liturg. d. 16 – Part 47,MS_Lat_liturg_d_16-part47,,"Diastematic point-neums on staves of 3 lines (dry point, red and yellow)",,,,,,,,,,,,,,,,
MS_Lat_liturg_d_16_music_23,manuscript_6468,Lat liturg,MS_Lat_liturg_d_16,MS. Lat. liturg. d. 16,MS. Lat. liturg. d. 16 – Part 49,MS_Lat_liturg_d_16-part49,,Square notation on staves of 4 red lines,,,,,,,,,,,,,,,,
MS_Lat_liturg_d_16_music_24,manuscript_6468,Lat liturg,MS_Lat_liturg_d_16,MS. Lat. liturg. d. 16,MS. Lat. liturg. d. 16 – Part 50,MS_Lat_liturg_d_16-part50,,Square notation on staves of 4 red lines,,,,,,,,,,,,,,,,
MS_Lat_liturg_d_16_music_25,manuscript_6468,Lat liturg,MS_Lat_liturg_d_16,MS. Lat. liturg. d. 16,MS. Lat. liturg. d. 16 – Part 51,MS_Lat_liturg_d_16-part51,,Square notation on staves of 4 red lines,,,,,,,,,,,,,,,,
MS_Lat_liturg_d_16_music_26,manuscript_6468,Lat liturg,MS_Lat_liturg_d_16,MS. Lat. liturg. d. 16,MS. Lat. liturg. d. 16 – Part 52,MS_Lat_liturg_d_16-part52,,Square notation on staves of 4 red lines,,,,,,,,,,,,,,,,
MS_Lat_liturg_d_16_music_3,manuscript_6468,Lat liturg,MS_Lat_liturg_d_16,MS. Lat. liturg. d. 16,MS. Lat. liturg. d. 16 – Part 13,MS_Lat_liturg_d_16-part13,,Square notation on staves of 4 red lines,,,,,,,,,,,,,,,,
MS_Lat_liturg_d_16_music_4,manuscript_6468,Lat liturg,MS_Lat_liturg_d_16,MS. Lat. liturg. d. 16,MS. Lat. liturg. d. 16 – Part 14,MS_Lat_liturg_d_16-part14,,Square notation on staves of 4 red lines,,,,,,,,,,,,,,,,
MS_Lat_liturg_d_16_music_5,manuscript_6468,Lat liturg,MS_Lat_liturg_d_16,MS. Lat. liturg. d. 16,MS. Lat. liturg. d. 16 – Part 15,MS_Lat_liturg_d_16-part15,,"Adiastematic neums, partly erased and rewritten with Gothic notation on staves of 4 black lines,",,,,,,,,,,,,,,,,
MS_Lat_liturg_d_16_music_6,manuscript_6468,Lat liturg,MS_Lat_liturg_d_16,MS. Lat. liturg. d. 16,MS. Lat. liturg. d. 16 – Part 16,MS_Lat_liturg_d_16-part16,,Square notation on staves of 4 red lines,,,,,,,,,,,,,,,,
MS_Lat_liturg_d_16_music_7,manuscript_6468,Lat liturg,MS_Lat_liturg_d_16,MS. Lat. liturg. d. 16,MS. Lat. liturg. d. 16 – Part 18,MS_Lat_liturg_d_16-part18,,Adiastematic non-rhythmical neums,,,,,,,,,,,,,,,,
MS_Lat_liturg_d_16_music_8,manuscript_6468,Lat liturg,MS_Lat_liturg_d_16,MS. Lat. liturg. d. 16,MS. Lat. liturg. d. 16 – Part 21,MS_Lat_liturg_d_16-part21,,Some square notation on staves of 4 red lines,,,,,,,,,,,,,,,,
MS_Lat_liturg_d_16_music_9,manuscript_6468,Lat liturg,MS_Lat_liturg_d_16,MS. Lat. liturg. d. 16,MS. Lat. liturg. d. 16 – Part 22,MS_Lat_liturg_d_16-part22,,Square notation on 9 staves of 4 red lines,,,,,,,,,,,,,,,,
MS_Lat_liturg_d_20_music_1,manuscript_6469,Lat liturg,MS_Lat_liturg_d_20,MS. Lat. liturg. d. 20,,MS_Lat_liturg_d_20,,8–10 staves of 5 red lines,,,,,,,,,,,,,,,,
MS_Lat_liturg_d_3_music_1,manuscript_6470,Lat liturg,MS_Lat_liturg_d_3,MS. Lat. liturg. d. 3,,MS_Lat_liturg_d_3,,Notation on staves; neums (see van Dijk 1957).,,,,,,,,,,,,,,,,
MS_Lat_liturg_d_38_music_1,manuscript_6472,Lat liturg,MS_Lat_liturg_d_38,MS. Lat. liturg. d. 38,,MS_Lat_liturg_d_38,,"Neums are added in a contemporary hand at fols. 49r, 55v, 61r, etc. Cues of the antiphons with music (Gothic notation on staves of four or five black lines) are added in the margins in a late 14th-century hand (fols. 1r, 8v, 12v, 15r, 20r, 27v, over erasure, etc.); further antiphons are added in a 15th-century hand (fols. 3v, 4r, 18v, 20r, 27v, etc.).",,,,,,,,,,,,,,,,
MS_Lat_liturg_d_5_music_1,manuscript_6481,Lat liturg,MS_Lat_liturg_d_5,MS. Lat. liturg. d. 5,,MS_Lat_liturg_d_5,,"Square notation on 9 staves of 4 black or red lines, 216 123",,,,written,216,216,216,123,123,123,mm,,,,,
MS_Lat_liturg_d_5_music_1,manuscript_6481,Lat liturg,MS_Lat_liturg_d_5,MS. Lat. liturg. d. 5,,MS_Lat_liturg_d_5,,"fol.108–9: 2 col. of 10 staves of 4 red lines, 215 125",,,,written,215,215,215,125,125,125,mm,,,,,
MS_Lat_liturg_d_5_music_1,manuscript_6481,Lat liturg,MS_Lat_liturg_d_5,MS. Lat. liturg. d. 5,,MS_Lat_liturg_d_5,,"The quire with Dominican proses was copied to form part of the volume; 9 staves, 220 140",,,,written,220,220,220,140,140,140,mm,,,,,
MS_Lat_liturg_d_5_music_1,manuscript_6481,Lat liturg,MS_Lat_liturg_d_5,MS. Lat. liturg. d. 5,,MS_Lat_liturg_d_5,,"The 2nd kyriale: heavy square notation on 10 long staves (14th cent.), 132 100",,,,written,132,132,132,100,100,100,mm,,,,,
MS_Lat_liturg_d_8_music_1,manuscript_6484,Lat liturg,MS_Lat_liturg_d_8,MS. Lat. liturg. d. 8,,MS_Lat_liturg_d_8,,Heavy square notation on 11 staves of 4 red lines.,,,,,,,,,,,,,,,,
MS_Lat_liturg_e_1_music_1,manuscript_6486,Lat liturg,MS_Lat_liturg_e_1,MS. Lat. liturg. e. 1,,MS_Lat_liturg_e_1,,"Antiphons are added in the margins in 14th-century hands, some with musical notation for the incipits.",,,,,,,,,,,,,,,,
MS_Lat_liturg_e_11_music_1,manuscript_6488,Lat liturg,MS_Lat_liturg_e_11,MS. Lat. liturg. e. 11,,MS_Lat_liturg_e_11,,Neums (see van Dijk 1957).,,,,,,,,,,,,,,,,
MS_Lat_liturg_e_13_music_1,manuscript_6490,Lat liturg,MS_Lat_liturg_e_13,MS. Lat. liturg. e. 13,,MS_Lat_liturg_e_13,,Square notation on four-line red staves,,,,,,,,,,,,,,,,
MS_Lat_liturg_e_14_music_1,manuscript_6491,Lat liturg,MS_Lat_liturg_e_14,MS. Lat. liturg. e. 14,,MS_Lat_liturg_e_14,,Staves of 4 red lines with square notation,,,,,,,,,,,,,,,,
MS_Lat_liturg_e_16_music_1,manuscript_6492,Lat liturg,MS_Lat_liturg_e_16,MS. Lat. liturg. e. 16,,MS_Lat_liturg_e_16,,8 staves of four red lines with fine square notation,,,,,,,,,,,,,,,,
MS_Lat_liturg_e_18_music_1,manuscript_6494,Lat liturg,MS_Lat_liturg_e_18,MS. Lat. liturg. e. 18,,MS_Lat_liturg_e_18,,"gothic notation, usually on staves of four black lines but at the end of pieces and for shorter phrases without staves.",,,,,,,,,,,,,,,,
MS_Lat_liturg_e_2_music_1,manuscript_6496,Lat liturg,MS_Lat_liturg_e_2,MS. Lat. liturg. e. 2,,MS_Lat_liturg_e_2,,"Adiastematic neumes give cues of the introits in the margins of the Sundays after Pentecost and in Advent (fols. 87v–121r). In the passions (fol. 42v) the parts are indicated by c, f, and t.",,,,,,,,,,,,,,,,
MS_Lat_liturg_e_3_music_1,manuscript_6498,Lat liturg,MS_Lat_liturg_e_3,MS. Lat. liturg. e. 3,,MS_Lat_liturg_e_3,,Notation on staves (see van Dijk 1957).,,,,,,,,,,,,,,,,
MS_Lat_liturg_e_39_music_1,manuscript_6502,Lat liturg,MS_Lat_liturg_e_39,MS. Lat. liturg. e. 39,,MS_Lat_liturg_e_39,,Square notation on staves of four red lines,,,,,,,,,,,,,,,,
MS_Lat_liturg_e_4_music_1,manuscript_6503,Lat liturg,MS_Lat_liturg_e_4,MS. Lat. liturg. e. 4,,MS_Lat_liturg_e_4,,Notation on staves (see van Dijk 1957).,,,,,,,,,,,,,,,,
MS_Lat_liturg_e_7_music_1,manuscript_6515,Lat liturg,MS_Lat_liturg_e_7,MS. Lat. liturg. e. 7,,MS_Lat_liturg_e_7,,Notation on staves (see van Dijk 1957).,,,,,,,,,,,,,,,,
MS_Lat_liturg_e_8_music_1,manuscript_6516,Lat liturg,MS_Lat_liturg_e_8,MS. Lat. liturg. e. 8,,MS_Lat_liturg_e_8,,Notation on staves (see van Dijk 1957).,,,,,,,,,,,,,,,,
MS_Lat_liturg_f_10_music_1,manuscript_6519,Lat liturg,MS_Lat_liturg_f_10,MS. Lat. liturg. f. 10,,MS_Lat_liturg_f_10,,Notation on staves (see van Dijk 1957).,,,,,,,,,,,,,,,,
MS_Lat_liturg_f_11_music_1,manuscript_6520,Lat liturg,MS_Lat_liturg_f_11,MS. Lat. liturg. f. 11,,MS_Lat_liturg_f_11,,Notation on staves (see van Dijk 1957).,,,,,,,,,,,,,,,,
MS_Lat_liturg_f_16_music_1,manuscript_6525,Lat liturg,MS_Lat_liturg_f_16,MS. Lat. liturg. f. 16,,MS_Lat_liturg_f_16,,Notation on staves (see van Dijk 1957).,,,,,,,,,,,,,,,,
MS_Lat_liturg_f_25_music_1,manuscript_6534,Lat liturg,MS_Lat_liturg_f_25,MS. Lat. liturg. f. 25,,MS_Lat_liturg_f_25,,Notation on staves (see van Dijk 1957).,,,,,,,,,,,,,,,,
MS_Lat_liturg_f_25_music_2,manuscript_6534,Lat liturg,MS_Lat_liturg_f_25,MS. Lat. liturg. f. 25,MS. Lat. liturg. f. 25 – Part 1,MS_Lat_liturg_f_25-part1,,Four-line red staves,,,,,,,,,,,,,,,,
MS_Lat_liturg_f_25_music_3,manuscript_6534,Lat liturg,MS_Lat_liturg_f_25,MS. Lat. liturg. f. 25,MS. Lat. liturg. f. 25 – Part 3,MS_Lat_liturg_f_25-part3,,Musical notation.,,,,,,,,,,,,,,,,
MS_Lat_liturg_f_26_music_1,manuscript_6535,Lat liturg,MS_Lat_liturg_f_26,MS. Lat. liturg. f. 26,,MS_Lat_liturg_f_26,,Square notation on 13 staves of 3 or 4 red lines.,,,,,,,,,,,,,,,,
MS_Lat_liturg_f_28_music_1,manuscript_6537,Lat liturg,MS_Lat_liturg_f_28,MS. Lat. liturg. f. 28,,MS_Lat_liturg_f_28,,Music (see van Dijk 1957).,,,,,,,,,,,,,,,,
MS_Lat_liturg_f_4_music_1,manuscript_6544,Lat liturg,MS_Lat_liturg_f_4,MS. Lat. liturg. f. 4,,MS_Lat_liturg_f_4,,"Gothic notation (red and black), adiastematic, diastematic, and on 4 or 5 black lines.",,,,,,,,,,,,,,,,
MS_Lat_liturg_f_5_music_1,manuscript_6545,Lat liturg,MS_Lat_liturg_f_5,MS. Lat. liturg. f. 5,,MS_Lat_liturg_f_5,,The Genealogy of Christ according to St. Matthew (fol. 4) with musical notation.,,,,,,,,,,,,,,,,
MS_Lat_liturg_g_1_music_1,manuscript_6550,Lat liturg,MS_Lat_liturg_g_1,MS. Lat. liturg. g. 1,,MS_Lat_liturg_g_1,,Square notation on staves of four red lines.,,,,,,,,,,,,,,,,
MS_Lat_liturg_g_7_music_1,manuscript_6555,Lat liturg,MS_Lat_liturg_g_7,MS. Lat. liturg. g. 7,,MS_Lat_liturg_g_7,,"Square notation on four-line staves beginning at fol. 108r, a memory aid providing the first lines only.",,,,,,,,,,,,,,,,
MS_Lat_misc_a_3_music_1,manuscript_6558,Lat misc,MS_Lat_misc_a_3,MS. Lat. misc. a. 3,,MS_Lat_misc_a_3,,Notation on staves; neums (see van Dijk 1957).,,,,,,,,,,,,,,,,
MS_Lat_misc_b_15_music_1,manuscript_6562,Lat misc,MS_Lat_misc_b_15,MS. Lat. misc. b. 15,MS. Lat. misc. b. 15 – Part 7,MS_Lat_misc_b_15-part7,,Square notation on staves of 4 red lines,,,,,,,,,,,,,,,,
MS_Lat_misc_b_15_music_2,manuscript_6562,Lat misc,MS_Lat_misc_b_15,MS. Lat. misc. b. 15,MS. Lat. misc. b. 15 – Part 10,MS_Lat_misc_b_15-part10,,Square notation on staves of 4 red lines,,,,,,,,,,,,,,,,
MS_Lat_misc_b_15_music_3,manuscript_6562,Lat misc,MS_Lat_misc_b_15,MS. Lat. misc. b. 15,MS. Lat. misc. b. 15 – Part 11,MS_Lat_misc_b_15-part11,,Square notation on staves of 4 red lines,,,,,,,,,,,,,,,,
MS_Lat_misc_c_21_music_1,manuscript_6582,Lat misc,MS_Lat_misc_c_21,MS. Lat. misc. c. 21,,MS_Lat_misc_c_21,,Notation (see van Dijk 1957).,,,,,,,,,,,,,,,,
MS_Lat_misc_c_91_music_1,manuscript_6599,Lat misc,MS_Lat_misc_c_91,MS. Lat. misc. c. 91,,,,Notation on staves of four lines.,,,,,,,,,,,,,,,,
MS_Lat_misc_e_42_music_1,manuscript_6656,Lat misc,MS_Lat_misc_e_42,MS. Lat. misc. e. 42,,MS_Lat_misc_e_42,,Notation on staves (see van Dijk 1957).,,,,,,,,,,,,,,,,
MS_Lat_misc_e_82_music_1,manuscript_6662,Lat misc,MS_Lat_misc_e_82,MS. Lat. misc. e. 82,,MS_Lat_misc_e_82,,Neums (fol. 111 seq.),,,,,,,,,,,,,,,,
MS_Lat_misc_f_18_music_1,manuscript_6674,Lat misc,MS_Lat_misc_f_18,MS. Lat. misc. f. 18,,MS_Lat_misc_f_18,,Notation on staves (see van Dijk 1957).,,,,,,,,,,,,,,,,
MS_Laud_Misc_106_music_1,manuscript_6915,Laud Misc,MS_Laud_Misc_106,MS. Laud Misc. 106,,MS_Laud_Misc_106,,fols. ii recto-verso: some texts with neums.,,,,,,,,,,,,,,,,
MS_Laud_Misc_114_music_1,manuscript_6923,Laud Misc,MS_Laud_Misc_114,MS. Laud Misc. 114,"MS. Laud misc. 114, fols. 69–84",,,Neumes sketched at the foot of fol. 79r.,,,,,,,,,,,,,,,,
MS_Laud_Misc_120_music_1,manuscript_6930,Laud Misc,MS_Laud_Misc_120,MS. Laud Misc. 120,,MS_Laud_Misc_120,,"Added neums of the Würzburg type, fol. 164v (see item 3).",,,,,,,,,,,,,,,,
MS_Laud_Misc_124_music_1,manuscript_6934,Laud Misc,MS_Laud_Misc_124,MS. Laud Misc. 124,,MS_Laud_Misc_124,,"Neums, fol. 122v.",,,,,,,,,,,,,,,,
MS_Laud_Misc_132_music_1,manuscript_6942,Laud Misc,MS_Laud_Misc_132,MS. Laud Misc. 132,MS. Laud Misc. 132 - endleaves (fols. 75-6),MS_Laud_Misc_132_endleaves-2,fragment,Neums.,,,,,,,,,,,,,,,,
MS_Laud_Misc_143_music_1,manuscript_6953,Laud Misc,MS_Laud_Misc_143,MS. Laud Misc. 143,,,,Noted.,,,,,,,,,,,,,,,,
MS_Laud_Misc_148_music_1,manuscript_6958,Laud Misc,MS_Laud_Misc_148,MS. Laud Misc. 148,,MS_Laud_Misc_148,,Neumes (fol. iii verso).,,,,,,,,,,,,,,,,
MS_Laud_Misc_157_music_1,manuscript_6966,Laud Misc,MS_Laud_Misc_157,MS. Laud Misc. 157,,MS_Laud_Misc_157,,"On f. 228v some neums, the St Gall type, 12th century.",,,,,,,,,,,,,,,,
MS_Laud_Misc_164_music_1,manuscript_6973,Laud Misc,MS_Laud_Misc_164,MS. Laud Misc. 164,,MS_Laud_Misc_164,,Square notation in 2 col. on staves of 4 red lines,,,,,,,,,,,,,,,,
MS_Laud_Misc_237_music_1,manuscript_7048,Laud Misc,MS_Laud_Misc_237,MS. Laud Misc. 237,MS. Laud Misc. 237 - binding fragments,MS_Laud_Misc_237-part7,,Hufnagelnotation,,,,,,,,,,,,,,,,
MS_Laud_Misc_248_music_1,manuscript_7060,Laud Misc,MS_Laud_Misc_248,MS. Laud Misc. 248,MS. Laud Misc. 248 – Part 1 (fols. 1–153),MS_Laud_Misc_248-part1,,"Fol. 129v, added notation in the lower margin.",,,,,,,,,,,,,,,,
MS_Laud_Misc_252_music_1,manuscript_7065,Laud Misc,MS_Laud_Misc_252,MS. Laud Misc. 252,MS. Laud Misc. 252 – Part C (pp. 210b–e),MS_Laud_Misc_252-part3,,"Neums, p. 210d; Würzburg type.",,,,,,,,,,,,,,,,
MS_Laud_Misc_253_music_1,manuscript_7066,Laud Misc,MS_Laud_Misc_253,MS. Laud Misc. 253,,MS_Laud_Misc_253,,Square notation on 13–4 staves of 4 red lines.,,,,,,,,,,,,,,,,
MS_Laud_Misc_254_music_1,manuscript_7067,Laud Misc,MS_Laud_Misc_254,MS. Laud Misc. 254,,MS_Laud_Misc_254,,"Interlinear neums added, fol. 105r (Bischoff 2004).",,,,,,,,,,,,,,,,
MS_Laud_Misc_263_music_1,manuscript_7076,Laud Misc,MS_Laud_Misc_263,MS. Laud Misc. 263,,MS_Laud_Misc_263,,"Neums, fols. 1r and 81v.",1r 81v,,,,,,,,,,,,,,,
MS_Laud_Misc_267_music_1,manuscript_7080,Laud Misc,MS_Laud_Misc_267,MS. Laud Misc. 267,,MS_Laud_Misc_267,,Notation on staves (see van Dijk 1957).,,,,,,,,,,,,,,,,
MS_Laud_Misc_273_music_1,manuscript_7086,Laud Misc,MS_Laud_Misc_273,MS. Laud Misc. 273,,MS_Laud_Misc_273,,"Adiastematic, non-rhythmical neums, in the added prefaces (fol. 93v) Gothic notation on staves of 4 lines (3 black, 1 red).",,,,,,,,,,,,,,,,
MS_Laud_Misc_276_music_1,manuscript_7089,Laud Misc,MS_Laud_Misc_276,MS. Laud Misc. 276,,MS_Laud_Misc_276,,"Neums in the margin, fol. 85r.",,,,,,,,,,,,,,,,
MS_Laud_Misc_278_music_1,manuscript_7091,Laud Misc,MS_Laud_Misc_278,MS. Laud Misc. 278,,MS_Laud_Misc_278-endleaf-fol364,fragment,Neums,,,,,,,,,,,,,,,,
MS_Laud_Misc_282_music_1,manuscript_7096,Laud Misc,MS_Laud_Misc_282,MS. Laud Misc. 282,,MS_Laud_Misc_282,,"Gothic notation on 5 lines (3 black, 1 yellow, 1 red)",,,,,,,,,,,,,,,,
MS_Laud_Misc_284_music_1,manuscript_7097,Laud Misc,MS_Laud_Misc_284,MS. Laud Misc. 284,,MS_Laud_Misc_284,,Notation (see van Dijk 1957).,,,,,,,,,,,,,,,,
MS_Laud_Misc_284_music_2,manuscript_7097,Laud Misc,MS_Laud_Misc_284,MS. Laud Misc. 284,"MS. Laud Misc. 284 – Part A (fols. 1–93, 95–118)",MS_Laud_Misc_284-partA,,"The music written in thick neums: adiastematic, non-rhythmical notation.",,,,,,,,,,,,,,,,
MS_Laud_Misc_299_music_1,manuscript_7112,Laud Misc,MS_Laud_Misc_299,MS. Laud Misc. 299,,MS_Laud_Misc_299,,Notation on staves (see van Dijk 1957).,,,,,,,,,,,,,,,,
MS_Laud_Misc_302_music_1,manuscript_7115,Laud Misc,MS_Laud_Misc_302,MS. Laud Misc. 302,,MS_Laud_Misc_302,,Square notation on 14 staves of 4 red lines.,,,,,,,,,,,,,,,,
MS_Laud_Misc_305_music_1,manuscript_7116,Laud Misc,MS_Laud_Misc_305,MS. Laud Misc. 305,,MS_Laud_Misc_305,,Some added musical notation.,,,,,,,,,,,,,,,,
MS_Laud_Misc_329_music_1,manuscript_7138,Laud Misc,MS_Laud_Misc_329,MS. Laud Misc. 329,,MS_Laud_Misc_329,,Notation on staves (see van Dijk 1957).,,,,,,,,,,,,,,,,
MS_Laud_Misc_358_music_1,manuscript_7156,Laud Misc,MS_Laud_Misc_358,MS. Laud Misc. 358,,MS_Laud_Misc_358,,"Square notation on 9 staves of 4 red lines, 168 110",,,,written,168,168,168,110,110,110,mm,,,,,
MS_Laud_Misc_390_music_1,manuscript_7188,Laud Misc,MS_Laud_Misc_390,MS. Laud Misc. 390,MS. Laud Misc. 390 – Part A) (fols 1–77),MS_Laud_Misc_390-part1,,(fol. 77v) staffless neumes accompanying item 2.,,,,,,,,,,,,,,,,
MS_Laud_Misc_391_music_1,manuscript_7189,Laud Misc,MS_Laud_Misc_391,MS. Laud Misc. 391,,MS_Laud_Misc_391,,The outer margin of fols. 67v–68r with added neumes.,,,,,,,,,,,,,,,,
MS_Laud_Misc_393_music_1,manuscript_7191,Laud Misc,MS_Laud_Misc_393,MS. Laud Misc. 393,,MS_Laud_Misc_393,,"Gothic 'hufnagel' notation on staves of 5 black lines, the F line(s) red (fols. 87v-91v).",,,,,,,,,,,,,,,,
MS_Laud_Misc_4_music_1,manuscript_7200,Laud Misc,MS_Laud_Misc_4,MS. Laud Misc. 4,,MS_Laud_Misc_4,,Neumatic notation on staves (see van Dijk 1957).,,,,,,,,,,,,,,,,
MS_Laud_Misc_429_music_1,manuscript_7230,Laud Misc,MS_Laud_Misc_429,MS. Laud Misc. 429,,MS_Laud_Misc_429,,"Added neums, St Gall type, 10th and 11th century, fols. 1v, 2r, 4r, 65v, 66r.",,,,,,,,,,,,,,,,
MS_Laud_Misc_432_music_1,manuscript_7233,Laud Misc,MS_Laud_Misc_432,MS. Laud Misc. 432,,MS_Laud_Misc_432,,"Notation, fol. iii.",,,,,,,,,,,,,,,,
MS_Laud_Misc_440_music_1,manuscript_7241,Laud Misc,MS_Laud_Misc_440,MS. Laud Misc. 440,,MS_Laud_Misc_440,,Added neums (fol. 152v),,,,,,,,,,,,,,,,
MS_Laud_Misc_468_music_1,manuscript_7271,Laud Misc,MS_Laud_Misc_468,MS. Laud Misc. 468,,MS_Laud_Misc_468,,"German neums: adiastematic, half-rhythmical notation.",,,,,,,,,,,,,,,,
MS_Laud_Misc_506_music_1,manuscript_7308,Laud Misc,MS_Laud_Misc_506,MS. Laud Misc. 506,MS. Laud Misc. 506 – Part B) (fols 108–172),MS_Laud_Misc_506-part2,,(fol. 172r–v) music on a five-lined staff (red).,,,,,,,,,,,,,,,,
MS_Laud_Misc_522_music_1,manuscript_7325,Laud Misc,MS_Laud_Misc_522,MS. Laud Misc. 522,,MS_Laud_Misc_522,,(fol. 97r) some neums underlined in red.,,,,,,,,,,,,,,,,
MS_Laud_Misc_522_music_2,manuscript_7325,Laud Misc,MS_Laud_Misc_522,MS. Laud Misc. 522,,,,Neums.,,,,,,,,,,,,,,,,
MS_Laud_Misc_644_music_1,manuscript_7430,Laud Misc,MS_Laud_Misc_644,MS. Laud Misc. 644,,MS_Laud_Misc_644,,Music (see van Dijk 1957).,,,,,,,,,,,,,,,,
MS_Laud_Misc_706_music_1,manuscript_7481,Laud Misc,MS_Laud_Misc_706,MS. Laud Misc. 706,,MS_Laud_Misc_706,,Notation on staves (see van Dijk 1957).,,,,,,,,,,,,,,,,
MS_Laud_Misc_719_music_1,manuscript_7495,Laud Misc,MS_Laud_Misc_719,MS. Laud Misc. 719,,MS_Laud_Misc_719,,Notation on staves (see van Dijk 1957).,,,,,,,,,,,,,,,,
MS_Laud_Misc_73_music_1,manuscript_7507,Laud Misc,MS_Laud_Misc_73,MS. Laud Misc. 73,,MS_Laud_Misc_73,,Neums (see van Dijk 1957).,,,,,,,,,,,,,,,,
MS_Laud_Misc_736_music_1,manuscript_7514,Laud Misc,MS_Laud_Misc_736,MS. Laud Misc. 736,,MS_Laud_Misc_736,,Neums on staves of four lines.,,,,,,,,,,,,,,,,
MS_Laud_Misc_78_music_1,manuscript_7538,Laud Misc,MS_Laud_Misc_78,MS. Laud Misc. 78,,MS_Laud_Misc_78,,Notation on staves of four lines (fol. 1r),,,,,,,,,,,,,,,,
MS_Laud_Misc_84_music_1,manuscript_7545,Laud Misc,MS_Laud_Misc_84,MS. Laud Misc. 84,,MS_Laud_Misc_84,,Music (see van Dijk 1957).,,,,,,,,,,,,,,,,
MS_Laud_Lat_118_music_1,manuscript_7582,Laud lat,MS_Laud_Lat_118,MS. Laud Lat. 118,,MS_Laud_Lat_118,,"Aquitanian neums, fols. 11v, 12r.",,,,,,,,,,,,,,,,
MS_Laud_Lat_16_music_1,manuscript_7587,Laud lat,MS_Laud_Lat_16,MS. Laud Lat. 16,,MS_Laud_Lat_16,,"Added antiphons with staveless musical notation, and on four staves (see item 2, above).",,,,,,,,,,,,,,,,
MS_Laud_Lat_17_music_1,manuscript_7588,Laud lat,MS_Laud_Lat_17,MS. Laud Lat. 17,,MS_Laud_Lat_17,,Notation on staves (see van Dijk 1957).,,,,,,,,,,,,,,,,
MS_Laud_Lat_22_music_1,manuscript_7594,Laud lat,MS_Laud_Lat_22,MS. Laud Lat. 22,,MS_Laud_Lat_22,,"Neums of St Gall type, fol. 91v, accompanying the opening of Walahfrid Strabo, Hymnus de s. Gallo confessore Christi (carm. 72), added 10th century.",,,,,,,,,,,,Walahfrid Strabo,person_47555113,Hymnus de s. Gallo confessore Christi (carm. 72),,
MS_Laud_Lat_35_music_1,manuscript_7608,Laud lat,MS_Laud_Lat_35,MS. Laud Lat. 35,,MS_Laud_Lat_35,,"Neums, adiastematic South German type, accompany some added texts.",,,,,,,,,,,,,,,,
MS_Laud_Lat_5_music_1,manuscript_7624,Laud lat,MS_Laud_Lat_5,MS. Laud Lat. 5,,MS_Laud_Lat_5,,Notation on staves (see van Dijk 1957).,,,,,,,,,,,,,,,,
MS_Laud_Lat_95_music_1,manuscript_7674,Laud lat,MS_Laud_Lat_95,MS. Laud Lat. 95,,MS_Laud_Lat_95,,Square notation on staves of four red lines.,,,,,,,,,,,,,,,,
MS_Laud_Lat_97_music_1,manuscript_7676,Laud lat,MS_Laud_Lat_97,MS. Laud Lat. 97,,MS_Laud_Lat_97,,Neums (fol. 84).,,,,,,,,,,,,,,,,
MS_Liturg_280_music_1,manuscript_7715,Liturgical,MS_Liturg_280,MS. Liturg. 280,,MS_Liturg_280,,Notation on staves (see van Dijk 1957).,,,,,,,,,,,,,,,,
MS_Liturg_403_music_1,manuscript_7724,Liturgical,MS_Liturg_403,MS. Liturg. 403,,MS_Liturg_403,,Notation on staves (see van Dijk 1957).,,,,,,,,,,,,,,,,
MS_Liturg_405_music_1,manuscript_7726,Liturgical,MS_Liturg_405,MS. Liturg. 405,,MS_Liturg_405,,Notation on staves (see van Dijk 1957).,,,,,,,,,,,,,,,,
MS_Liturg_406_music_1,manuscript_7727,Liturgical,MS_Liturg_406,MS. Liturg. 406,,MS_Liturg_406,,Notation on staves (see van Dijk 1957).,,,,,,,,,,,,,,,,
MS_Liturg_408_music_1,manuscript_7729,Liturgical,MS_Liturg_408,MS. Liturg. 408,,MS_Liturg_408,,Notation on staves (see van Dijk 1957).,,,,,,,,,,,,,,,,
MS_Liturg_6_music_1,manuscript_7733,Liturgical,MS_Liturg_6,MS. Liturg. 6,,MS_Liturg_6,,Notation on staves (see van Dijk 1957).,,,,,,,,,,,,,,,,
MS_Lyell_24_music_1,manuscript_7754,Lyell,MS_Lyell_24,MS. Lyell 24,,MS_Lyell_24,,Notation on staves (see van Dijk 1957).,,,,,,,,,,,,,,,,
MS_Lyell_44_music_1,manuscript_7776,Lyell,MS_Lyell_44,MS. Lyell 44,MS. Lyell 44 – Part 1 (fols. 1–9),MS_Lyell_44-part1,,Neums and square notation (see above).,,,,,,,,,,,,,,,,
MS_Lyell_44_music_2,manuscript_7776,Lyell,MS_Lyell_44,MS. Lyell 44,MS. Lyell 44 – Part 2 (fols. 10–54),MS_Lyell_44-part2,,Square notation (see above).,,,,,,,,,,,,,,,,
MS_Lyell_45_music_1,manuscript_7777,Lyell,MS_Lyell_45,MS. Lyell 45,,MS_Lyell_45,,Square notation on staves of four red lines.,,,,,,,,,,,,,,,,
MS_Lyell_55_music_1,manuscript_7788,Lyell,MS_Lyell_55,MS. Lyell 55,MS. Lyell 55 - pastedown,MS_Lyell_55-pastedown,fragment,Adiastematic half-rhythmical neums,,,,,,,,,,,,,,,,
MS_Lyell_72_music_1,manuscript_7807,Lyell,MS_Lyell_72,MS. Lyell 72,,MS_Lyell_72,,Notation on staves (see van Dijk 1957).,,,,,,,,,,,,,,,,
MS_Lyell_85_music_1,manuscript_7821,Lyell,MS_Lyell_85,MS. Lyell 85,MS. Lyell 85 - flyleaf (fol. 139),MS_Lyell_85-part3,fragment,"A slightly later hand added two antiphons with neumatic notation in the border of fol. 139v, bottom.",,,,,,,,,,,,,,,,
MS_Lyell_88_music_1,manuscript_7824,Lyell,MS_Lyell_88,MS. Lyell 88,,MS_Lyell_88,,"Square notation on drypoint lines. The parts in the passions are indicated by c, s and +",,,,,,,,,,,,,,,,
MS_Lyell_9_music_1,manuscript_7826,Lyell,MS_Lyell_9,MS. Lyell 9,,MS_Lyell_9,,Notation on staves (see van Dijk 1957).,,,,,,,,,,,,,,,,
MS_Marshall_98_music_1,manuscript_7874,Marshall,MS_Marshall_98,MS. Marshall 98,,MS_Marshall_98,,Notation on staves (see van Dijk 1957).,,,,,,,,,,,,,,,,
MS_Rawl_A_371_music_1,manuscript_7922,Rawl A,MS_Rawl_A_371,MS. Rawl. A. 371,,MS_Rawl_A_371,,Notation on staves (see van Dijk 1957).,,,,,,,,,,,,,,,,
MS_Rawl_A_387a_music_1,manuscript_7935,Rawl A,MS_Rawl_A_387a,MS. Rawl. A. 387a,,MS_Rawl_A_387a,,Square notation on 12 staves of 4 red lines.,,,,,,,,,,,,,,,,
MS_Rawl_A_416_music_1,manuscript_7952,Rawl A,MS_Rawl_A_416,MS. Rawl. A. 416,,MS_Rawl_A_416,,Notation on staves (see van Dijk 1957).,,,,,,,,,,,,,,,,
MS_Rawl_A_417_music_1,manuscript_7953,Rawl A,MS_Rawl_A_417,MS. Rawl. A. 417,,MS_Rawl_A_417,,Square notation on 5 staves of 4 red lines,,,,,,,,,,,,,,,,
MS_Rawl_C_101_music_1,manuscript_8083,Rawl C,MS_Rawl_C_101,MS. Rawl. C. 101,,MS_Rawl_C_101,,Notation on staves (see van Dijk 1957).,,,,,,,,,,,,,,,,
MS_Rawl_C_142_music_1,manuscript_8096,Rawl C,MS_Rawl_C_142,MS. Rawl. C. 142,,MS_Rawl_C_142,,Square notation on 11 staves of 4 red lines.,,,,,,,,,,,,,,,,
MS_Rawl_C_147_music_1,manuscript_8098,Rawl C,MS_Rawl_C_147,MS. Rawl. C. 147,,MS_Rawl_C_147,,"Musical notation for the passions (fol. 37), square notation on 9 staves of 4 red lines.",,,,,,,,,,,,,,,,
MS_Rawl_C_168_music_1,manuscript_8113,Rawl C,MS_Rawl_C_168,MS. Rawl. C. 168,MS. Rawl. C. 168 – Part 2 (fols. 46–108),MS_Rawl_C_168-part2,,Square notation on 14 staves of 4 red lines,,,,,,,,,,,,,,,,
MS_Rawl_C_268_music_1,manuscript_8139,Rawl C,MS_Rawl_C_268,MS. Rawl. C. 268,,MS_Rawl_C_268,,Notation on staves (see van Dijk 1957).,,,,,,,,,,,,,,,,
MS_Rawl_C_316_music_1,manuscript_8170,Rawl C,MS_Rawl_C_316,MS. Rawl. C. 316,,MS_Rawl_C_316,,Notation on staves (see van Dijk 1957).,,,,,,,,,,,,,,,,
MS_Rawl_C_400_music_1,manuscript_8205,Rawl C,MS_Rawl_C_400,MS. Rawl. C. 400,,MS_Rawl_C_400,,Notation on staves (see van Dijk 1957).,,,,,,,,,,,,,,,,
MS_Rawl_C_425_music_1,manuscript_8211,Rawl C,MS_Rawl_C_425,MS. Rawl. C. 425,,MS_Rawl_C_425,,Notation on staves (see van Dijk 1957).,,,,,,,,,,,,,,,,
MS_Rawl_C_699_music_1,manuscript_8323,Rawl C,MS_Rawl_C_699,MS. Rawl. C. 699,,MS_Rawl_C_699,,Music (see van Dijk 1957).,,,,,,,,,,,,,,,,
MS_Rawl_C_892_music_1,manuscript_8370,Rawl C,MS_Rawl_C_892,MS. Rawl. C. 892,,MS_Rawl_C_892,,"Point-neum notation of 12 staves of 4 red (37, green) lines. The clefs are indicated by letters, mostly b, D and d.",,,,,,,,,,,,,,,,
MS_Rawl_C_939_music_1,manuscript_8383,Rawl C,MS_Rawl_C_939,MS. Rawl. C. 939,,MS_Rawl_C_939,,Notation on staves (see van Dijk 1957).,,,,,,,,,,,,,,,,
MS_Rawl_D_1225_music_1,manuscript_8407,Rawl D,MS_Rawl_D_1225,MS. Rawl. D. 1225,,MS_Rawl_D_1225,,Square notation on staves of 4 or 5 lines.,,,,,,,,,,,,,,,,
MS_Rawl_D_894_music_1,manuscript_8469,Rawl D,MS_Rawl_D_894,MS. Rawl. D. 894,,MS_Rawl_D_894,,Notation on staves (see van Dijk 1957).,,,,,,,,,,,,,,,,
MS_Rawl_D_913_music_1,manuscript_8471,Rawl D,MS_Rawl_D_913,MS. Rawl. D. 913,,MS_Rawl_D_913_112-129,,"Added notation: see below, Additions.",,,,,,,,,,,,,,,,
MS_Rawl_G_127_music_1,manuscript_8505,Rawl G,MS_Rawl_G_127,MS. Rawl. G. 127,,MS_Rawl_G_127,,Square notation on staves of four red lines.,,,,,,,,,,,,,,,,
MS_Rawl_G_18_music_1,manuscript_8544,Rawl G,MS_Rawl_G_18,MS. Rawl. G. 18,,MS_Rawl_G_18,,"Music, fol. 105v.",,,,,,,,,,,,,,,,
MS_Rawl_G_18_music_1,manuscript_8544,Rawl G,MS_Rawl_G_18,MS. Rawl. G. 18,,MS_Rawl_G_18,,"Music for two voices, fol. 106v.",,,,,,,,,,,,,,,,
MS_Rawl_G_185_music_1,manuscript_8545,Rawl G,MS_Rawl_G_185,MS. Rawl. G. 185,,MS_Rawl_G_185,,Square notation on staves of three or four red lines,,,,,,,,,,,,,,,,
MS_Rawl_G_22_music_1,manuscript_8556,Rawl G,MS_Rawl_G_22,MS. Rawl. G. 22,,MS_Rawl_G_22,,Music (see van Dijk 1957).,,,,,,,,,,,,,,,,
MS_Rawl_G_22_music_2,manuscript_8556,Rawl G,MS_Rawl_G_22,MS. Rawl. G. 22,MS. Rawl. G. 22 – endleaf (fol. 1),MS_Rawl_G_22-part1,fragment,Staves of four lines.,,,,,,,,,,,,,,,,
MS_Rawl_G_99_music_1,manuscript_8615,Rawl G,MS_Rawl_G_99,MS. Rawl. G. 99,MS. Rawl. G. 99 – Part 5,MS_Rawl_G_99-part5,,Notation on staves (see van Dijk 1957).,,,,,,,,,,,,,,,,
MS_Rawl_Q_b_4_music_1,manuscript_8617,Rawl Q,MS_Rawl_Q_b_4,MS. Rawl. Q. b. 4,,MS_Rawl_Q_b_4,,Notation on staves (see van Dijk 1957).,,,,,,,,,,,,,,,,
MS_Rawl_liturg_b_1_music_1,manuscript_8627,Rawl liturg,MS_Rawl_liturg_b_1,MS. Rawl. liturg. b. 1,,MS_Rawl_liturg_b_1,,Square notation mostly in 2 col. of 7 staves of 4 red lines.,,,,,,,,,,,,,,,,
MS_Rawl_liturg_c_1_music_1,manuscript_8628,Rawl liturg,MS_Rawl_liturg_c_1,MS. Rawl. liturg. c. 1,MS. Rawl. liturg. c. 1 – Part 2 (fols. 3–160),MS_Rawl_liturg_c_1-part2,,"Occasional square notation in red without staves (fols. 32 ff.), a fine point-neum notation on 4 dry point lines in on fol. 152",,,,,,,,,,,,,,,,
MS_Rawl_liturg_c_2_music_1,manuscript_8629,Rawl liturg,MS_Rawl_liturg_c_2,MS. Rawl. liturg. c. 2,,MS_Rawl_liturg_c_2,,Square notation on 13 staves of 4 red lines.,,,,,,,,,,,,,,,,
MS_Rawl_liturg_c_3_music_1,manuscript_8630,Rawl liturg,MS_Rawl_liturg_c_3,MS. Rawl. liturg. c. 3,,MS_Rawl_liturg_c_3,,"Square notation on staves of 4 red lines, sometimes left blank.",,,,,,,,,,,,,,,,
MS_Rawl_liturg_d_3_music_1,manuscript_8633,Rawl liturg,MS_Rawl_liturg_d_3,MS. Rawl. liturg. d. 3,,MS_Rawl_liturg_d_3,,Square notation on staves of 4 red lines. Polyphonic settings on fols. 71r-72v.,,,,,,,,,,,,,,,,
MS_Rawl_liturg_d_3_music_1,manuscript_8633,Rawl liturg,MS_Rawl_liturg_d_3,MS. Rawl. liturg. d. 3,,MS_Rawl_liturg_d_3,,"Fols. 1–48 on 11 staves, 185 130",,,,written,185,185,185,130,130,130,mm,,,,,
MS_Rawl_liturg_d_3_music_1,manuscript_8633,Rawl liturg,MS_Rawl_liturg_d_3,MS. Rawl. liturg. d. 3,,MS_Rawl_liturg_d_3,,"Fols. 49–72 on 10 staves, 185 120",,,,written,185,185,185,120,120,120,mm,,,,,
MS_Rawl_liturg_d_3_music_1,manuscript_8633,Rawl liturg,MS_Rawl_liturg_d_3,MS. Rawl. liturg. d. 3,,MS_Rawl_liturg_d_3,,"Fols. 73–97 on 2 columns of 10–11 staves, 180–5 120",,,,written,180–5,185,180,120,120,120,mm,,,,,
MS_Rawl_liturg_d_3_music_1,manuscript_8633,Rawl liturg,MS_Rawl_liturg_d_3,MS. Rawl. liturg. d. 3,,MS_Rawl_liturg_d_3,,"Fol. 112v, square notation.",,,,,,,,,,,,,,,,
MS_Rawl_liturg_d_5_music_1,manuscript_8635,Rawl liturg,MS_Rawl_liturg_d_5,MS. Rawl. liturg. d. 5,,MS_Rawl_liturg_d_5,,Notation on staves (see van Dijk 1957).,,,,,,,,,,,,,,,,
MS_Rawl_liturg_e_2_music_1,manuscript_8649,Rawl liturg,MS_Rawl_liturg_e_2,MS. Rawl. liturg. e. 2,,MS_Rawl_liturg_e_2,,Music (see van Dijk 1957).,,,,,,,,,,,,,,,,
MS_Rawl_liturg_e_43_music_1,manuscript_8675,Rawl liturg,MS_Rawl_liturg_e_43,MS. Rawl. liturg. e. 43,,MS_Rawl_liturg_e_43,,"Square notation on the feast of the Purification (fol. 10), 2 col. of 10 red staves of 4 lines.",,,,,,,,,,,,,,,,
MS_Rawl_liturg_e_44_music_1,manuscript_8676,Rawl liturg,MS_Rawl_liturg_e_44,MS. Rawl. liturg. e. 44,,MS_Rawl_liturg_e_44,,Notation on staves (see van Dijk 1957).,,,,,,,,,,,,,,,,
MS_Rawl_liturg_e_45_music_1,manuscript_8677,Rawl liturg,MS_Rawl_liturg_e_45,MS. Rawl. liturg. e. 45,,MS_Rawl_liturg_e_45,,Notation on staves (see van Dijk 1957).,,,,,,,,,,,,,,,,
MS_Rawl_liturg_e_46_music_1,manuscript_8678,Rawl liturg,MS_Rawl_liturg_e_46,MS. Rawl. liturg. e. 46,,MS_Rawl_liturg_e_46,,Notation on staves (see van Dijk 1957).,,,,,,,,,,,,,,,,
MS_Rawl_liturg_e_47_music_1,manuscript_8679,Rawl liturg,MS_Rawl_liturg_e_47,MS. Rawl. liturg. e. 47,,MS_Rawl_liturg_e_47,,Notation on staves (see van Dijk 1957).,,,,,,,,,,,,,,,,
MS_Rawl_liturg_f_35_music_1,manuscript_8716,Rawl liturg,MS_Rawl_liturg_f_35,MS. Rawl. liturg. f. 35,,MS_Rawl_liturg_f_35,,Notation on staves (see van Dijk 1957).,,,,,,,,,,,,,,,,
MS_Rawl_liturg_g_10_music_1,manuscript_8729,Rawl liturg,MS_Rawl_liturg_g_10,MS. Rawl. liturg. g. 10,,MS_Rawl_liturg_g_10,,Music (see van Dijk 1957).,,,,,,,,,,,,,,,,
MS_Savile_106_music_1,manuscript_8808,Savile,MS_Savile_106,MS. Savile 106,,MS_Savile_106,,Notation on staves (see van Dijk 1957).,,,,,,,,,,,,,,,,
MS_Savile_15_music_1,manuscript_8812,Savile,MS_Savile_15,MS. Savile 15,,MS_Savile_15,,Notation (see van Dijk 1957).,,,,,,,,,,,,,,,,
MS_Selden_Supra_102_music_1,manuscript_8885,Selden supra,MS_Selden_Supra_102,MS. Selden Supra 102,,MS_Selden_Supra_102,,Notation on staves (see van Dijk 1957).,,,,,,,,,,,,,,,,
MS_Selden_Supra_27_music_1,manuscript_8900,Selden supra,MS_Selden_Supra_27,MS. Selden Supra 27,,MS_Selden_Supra_27,,"‘[N]otated in staffless neumes, which are based on the Saint-Gall tradition’ (Smoje, 2006, p. vii).",,,,,,,,,,,,,,,,
MS_Selden_Supra_30_music_1,manuscript_8904,Selden supra,MS_Selden_Supra_30,MS. Selden Supra 30,,MS_Selden_Supra_30,,"Adiastematic neumes added above fecerunt Et tertia (p. 102): Acts 27.18–19, the account of Paul’s shipwreck.",,,,,,,,,,,,,,,,
MS_Selden_Supra_36_music_1,manuscript_8910,Selden supra,MS_Selden_Supra_36,MS. Selden Supra 36,,MS_Selden_Supra_36,,Notation (see van Dijk 1957),,,,,,,,,,,,,,,,
MS_Selden_Supra_37_music_1,manuscript_8911,Selden supra,MS_Selden_Supra_37,MS. Selden Supra 37,,MS_Selden_Supra_37,,Square notation on 9 red staves to a page (see van Dijk 1957),,,,,,,,,,,,,,,,
MS_Selden_Supra_40_music_1,manuscript_8915,Selden supra,MS_Selden_Supra_40,MS. Selden Supra 40,,MS_Selden_Supra_40,,Notation on staves (see van Dijk 1957).,,,,,,,,,,,,,,,,
MS_Selden_Supra_52_music_1,manuscript_8922,Selden supra,MS_Selden_Supra_52,MS. Selden Supra 52,,MS_Selden_Supra_52,,Notation on staves (see van Dijk 1957).,,,,,,,,,,,,,,,,
MS_Selden_Supra_90_music_1,manuscript_8950,Selden supra,MS_Selden_Supra_90,MS. Selden Supra 90,,MS_Selden_Supra_90,,Notation on staves (see van Dijk 1957).,,,,,,,,,,,,,,,,
MS_Tanner_169-star_music_1,manuscript_8975,Tanner,MS_Tanner_169-star,MS. Tanner 169*,"MS. Tanner 169*, endleaf (pp. 175–176)",,,Notation on p. 175.,,,,,,,,,,,,,,,,
MS_Tanner_169-star_music_2,manuscript_8975,Tanner,MS_Tanner_169-star,MS. Tanner 169*,"MS. Tanner 169*, endleaves (pp. 1–2, 177–178))",MS_Tanner_169-star-part2,,"Pp. 1–2, 175–176 and 177–178 are ruled for both text and musical notation.",,,,,,,,,,,,,,,,
MS_Tanner_334_music_1,manuscript_9001,Tanner,MS_Tanner_334,MS. Tanner 334,,MS_Tanner_334,,"Square notation on 4 red lines: the prefaces on 7 long staves, the burial service (fol. 193) in 2 col. of 10 staves.",,,,,,,,,,,,,,,,
MS_Wood_empt_19_music_1,manuscript_9055,Wood,MS_Wood_empt_19,MS. Wood empt. 19,,MS_Wood_empt_19,,Square notation (pp. 190 ff.) on staves of 2–4 red lines.,,,,,,,,,,,,,,,,
MS_e_Mus_126_music_1,manuscript_9082,e Musaeo,MS_e_Mus_126,MS. e Mus. 126,,MS_e_Mus_126,,Notation on staves (see van Dijk 1957).,,,,,,,,,,,,,,,,
MS_e_Mus_127_music_1,manuscript_9083,e Musaeo,MS_e_Mus_127,MS. e Mus. 127,,MS_e_Mus_127,,Music (see van Dijk 1957).,,,,,,,,,,,,,,,,
MS_e_Mus_136_music_1,manuscript_9087,e Musaeo,MS_e_Mus_136,MS. e Mus. 136,,MS_e_Mus_136,,Neumatic notation on staves (see van Dijk 1957).,,,,,,,,,,,,,,,,
MS_e_Mus_66_music_1,manuscript_9159,e Musaeo,MS_e_Mus_66,MS. e Mus. 66,,MS_e_Mus_66,,Notation on staves (see van Dijk 1957).,,,,,,,,,,,,,,,,
MS_e_Mus_76_music_1,manuscript_9161,e Musaeo,MS_e_Mus_76,MS. e Mus. 76,,MS_e_Mus_76,,Notation on a three-line stave added in the margin of fol. 47r.,,,,,,,,,,,,,,,,
MS_Ashmole_1752star_music_1,manuscript_9792,Ashmole,MS_Ashmole_1752star,MS. Ashmole 1752*,,MS_Ashmole_1752star,,Square notation on staves of four lines.,,,,,,,,,,,,,,,,
MS_Don_c_250_music_1,manuscript_9976,Don,MS_Don_c_250,MS. Don. c. 250,,,,Central Italian (?) notation on staves ruled in drypoint with a central staff line in red.,,,,,,,,,,,,,,,,
MS_Don_c_250_music_2,manuscript_9976,Don,MS_Don_c_250,MS. Don. c. 250,,,fragment,Square notation on staves of four lines.,,,,,,,,,,,,,,,,
MS_Buchanan_b_1_music_1,manuscript_9994,Buchanan,MS_Buchanan_b_1,MS. Buchanan b. 1,,MS_Buchanan_b_1,,Gothic notation on 10 staves of 4 black lines,,,,,,,,,,,,,,,,
MS_Rawl_liturg_g_13_music_1,manuscript_9996,Rawl liturg,MS_Rawl_liturg_g_13,MS. Rawl. liturg. g. 13,,MS_Rawl_liturg_g_13,,Square notation on 6 staves of 4 red lines.,,,,,,,,,,,,,,,,
Jesus_College_MS_4_music_1,manuscript_10553,Jesus_College_MSS,Jesus_College_MS_4,Jesus College MS. 4,"Jesus College MS. 4, fol. 107",,,Notated on a four-line staff.,,,,,,,,,,,,,,,,
Merton_College_D_3_9_1a_music_1,manuscript_10707,Merton_fragments,Merton_College_D_3_9_1a,Merton College D. 3. 9 (1a),,Merton_College_D_3_9_1a,,Noted service-book,,,,,,,,,,,,,,,,
Merton_College_Q_3_10_1_music_1,manuscript_10793,Merton_fragments,Merton_College_Q_3_10_1,Merton College Q. 3. 10 (1),,Q_3_10_1,,Noted.,,,,,,,,,,,,,,,,
Merton_College_Q_3_10_2_music_1,manuscript_10794,Merton_fragments,Merton_College_Q_3_10_2,Merton College Q. 3. 10 (2),,Q_3_10_2,,Noted.,,,,,,,,,,,,,,,,
Merton_College_Q_3_10_3_music_1,manuscript_10795,Merton_fragments,Merton_College_Q_3_10_3,Merton College Q. 3. 10 (3),,Q_3_10_3,,Noted.,,,,,,,,,,,,,,,,
Merton_College_Q_3_10_29–32_music_1,manuscript_10807,Merton_fragments,Merton_College_Q_3_10_29–32,Merton College Q. 3. 10 (29-32),,Q_3_10_29-32,,Noted.,,,,,,,,,,,,,,,,
Merton_College_Q_3_10_33–4_music_1,manuscript_10808,Merton_fragments,Merton_College_Q_3_10_33–4,Merton College Q. 3. 10 (33-4),,Q_3_10_33-4,,Noted.,,,,,,,,,,,,,,,,
Merton_College_Q_3_10_37_music_1,manuscript_10811,Merton_fragments,Merton_College_Q_3_10_37,Merton College Q. 3. 10 (37),,Q_3_10_37,,Noted.,,,,,,,,,,,,,,,,
Merton_College_Q_3_10_27–8_music_1,manuscript_10899,Merton_fragments,Merton_College_Q_3_10_27–8,Merton College Q. 3. 10 (27-8),,Q_3_10_27-8,,Noted.,,,,,,,,,,,,,,,,
Exeter_College_MS_1_music_1,manuscript_11001,Exeter College,Exeter_College_MS_1,Exeter College MS. 1,,Exeter_College_MS_1-partC,,"A noted offertorium on a 4-line stave (added, s. xvin).",,,,,,,,,,,,,,,,
Exeter_College_MS_189_music_1,manuscript_11075,Exeter College,Exeter_College_MS_189,Exeter College MS 189,,Exeter_College_MS_189-fragment2,,Neumed.,,,,,,,,,,,,,,,,
St_Johns_College_MS_42_music_1,manuscript_12042,St_Johns_College,St_Johns_College_MS_42,St John's College MS 42,,St_Johns_College_MS_42,,"Fols. 96, v–vvvi are covered with faded notes, including some music.v",Fols. 96v–vv viv,96v viv,vv viv,,,,,,,,,,,,,
St_Johns_College_MS_111_music_1,manuscript_12111,St_Johns_College,St_Johns_College_MS_111,St John's College MS 111,,St_Johns_College_MS_111,,"Notation, fol. 112v.",,,,,,,,,,,,,,,,
Brasenose_College_MS_57_music_1,manuscript_14123,Brasenose College,Brasenose_College_MS_57,Brasenose College MS. 57,,,,Notation.,,,,,,,,,,,,,,,,
Brasenose_College_MS_57_music_2,manuscript_14123,Brasenose College,Brasenose_College_MS_57,Brasenose College MS. 57,,,,Musical notation.,,,,,,,,,,,,,,,,
